time,solar_irradiance,temperature_c,humidity_pct,cloud_cover_pct,wind_speed_kmh,pressure_hpa
2026-04-24 19:30:00+00,1.8333333333333328,11.539130434782612,68.81159420289855,48.028985507246375,5.7492753623188415,1010.7942028985506
2026-04-24 19:35:00+00,2.122,11.491999999999997,68.77,48.692,4.666000000000002,1010.7120000000002
2026-04-24 19:40:00+00,2.3849999999999993,11.569999999999999,70.25,52.959,4.044999999999999,1010.664
2026-04-24 19:45:00+00,2.245,11.573,65.83,38.09,4.373000000000002,1010.5050000000001
2026-04-24 19:50:00+00,1.2589999999999997,11.632000000000005,64.74,35.14300000000001,5.547,1010.5009999999997
2026-04-24 19:55:00+00,2.1319999999999997,11.631000000000002,70.7,55.297999999999995,7.499,1010.4999999999999
2026-04-24 20:00:00+00,1.3790000000000004,9.977999999999998,66.75,38.86200000000001,9.446000000000002,1010.3740000000001
2026-04-24 20:05:00+00,1.9489999999999998,9.999,67.71,42.09999999999998,10.838000000000005,1010.3119999999998
2026-04-24 20:10:00+00,2.6699999999999995,10.005999999999997,70.33,51.53199999999999,11.730000000000008,1010.2610000000005
2026-04-24 20:15:00+00,1.235,9.999000000000002,69.89,48.961999999999996,11.929,1010.222
2026-04-24 20:20:00+00,1.423,10.047000000000002,71.13,53.44200000000001,10.662000000000003,1010.1670000000001
2026-04-24 20:25:00+00,1.8189999999999997,10.02,70.45,50.757,9.152999999999999,1010.1220000000001
2026-04-24 20:30:00+00,2.2840000000000003,9.956000000000003,71.68,54.92700000000001,7.247000000000001,1010.1029999999997
2026-04-24 20:35:00+00,2.315,10.018,68.53,45.272000000000006,5.604999999999998,1010.0199999999998
2026-04-24 20:40:00+00,1.8129999999999997,9.977999999999998,72.7,58.665000000000006,4.129000000000001,1010.0340000000002
2026-04-24 20:45:00+00,1.9839999999999998,10.011999999999997,68.96,46.70199999999999,3.955000000000001,1010.0109999999997
2026-04-24 20:50:00+00,1.7440000000000004,9.981,66.66,38.636999999999986,4.538,1009.993
2026-04-24 20:55:00+00,2.325,9.938999999999998,70.38,50.97199999999999,6.395,1010.0499999999998
2026-04-24 21:00:00+00,2.53,8.437000000000001,70.35,48.22400000000002,8.232,1009.9859999999999
2026-04-24 21:05:00+00,1.702,8.405,70.77,50.14900000000001,10.119999999999997,1010.039
2026-04-24 21:10:00+00,2.256,8.44,72.07,53.767999999999994,11.193000000000001,1010.0420000000001
2026-04-24 21:15:00+00,2.0010101010101007,8.419191919191917,70.97979797979798,50.538383838383844,12.2010101010101,1010.0656565656566
2026-04-24 21:20:00+00,2.34950495049505,8.397029702970293,67.51485148514851,38.9079207920792,11.670297029702969,1009.9930693069305
2026-04-24 21:25:00+00,1.3289999999999997,8.469000000000001,72.52,56.047999999999995,10.372,1010.096
2026-04-24 21:30:00+00,2.246,8.483,67.72,39.61600000000001,8.061999999999998,1010.1089999999999
2026-04-24 21:35:00+00,1.3969999999999998,8.402999999999999,74.35,61.033,6.450999999999999,1010.1339999999999
2026-04-24 21:40:00+00,2.149,8.421000000000001,73.64,59.524000000000015,4.637,1010.229
2026-04-24 21:45:00+00,1.707070707070707,8.420202020202021,68.20202020202021,41.62323232323233,4.262626262626262,1010.2232323232322
2026-04-24 21:50:00+00,1.7779999999999998,8.495,71.65,52.67000000000001,4.260999999999999,1010.2760000000002
2026-04-24 21:55:00+00,2.16039603960396,8.433663366336633,73.96039603960396,59.511881188118835,5.398019801980198,1010.2584158415842
2026-04-24 22:00:00+00,1.83,2.6439999999999997,71.57,42.873000000000005,7.1220000000000026,1010.3380000000001
2026-04-24 22:05:00+00,1.6769999999999998,2.6540000000000004,74.29,50.62500000000001,9.3,1010.449
2026-04-24 22:10:00+00,1.838,2.6489999999999996,76.49,59.32500000000001,10.901000000000002,1010.5149999999999
2026-04-24 22:15:00+00,1.882,2.59,75.37,55.42700000000001,11.65,1010.55
2026-04-24 22:20:00+00,2.218,2.539,74.11,49.745,11.916000000000002,1010.6639999999996
2026-04-24 22:25:00+00,1.9343434343434343,2.615151515151515,75.5959595959596,55.03838383838383,10.938383838383844,1010.7171717171716
2026-04-24 22:30:00+00,1.8722772277227726,2.6673267326732675,74.48514851485149,53.21980198019802,9.291089108910892,1010.8504950495051
2026-04-24 22:35:00+00,2.043,2.5980000000000003,74.31,51.913999999999994,7.5619999999999985,1010.947
2026-04-24 22:40:00+00,1.1670000000000003,2.557,77.85,63.803000000000004,5.609,1010.995
2026-04-24 22:45:00+00,1.8393939393939394,2.5727272727272728,78.51515151515152,65.52929292929294,4.377777777777776,1011.0060606060607
2026-04-24 22:50:00+00,1.7574257425742574,2.597029702970297,73.93069306930693,50.04356435643564,4.054455445544554,1011.2099009900991
2026-04-24 22:55:00+00,1.1979999999999997,2.6329999999999996,78.17,64.76599999999999,4.605,1011.2779999999999
2026-04-24 23:00:00+00,2.0189999999999997,3.2680000000000007,76.1,59.23700000000001,5.930999999999999,1011.398
2026-04-24 23:05:00+00,2.4150000000000005,3.36,73.23,49.318000000000005,8.140999999999998,1011.5
2026-04-24 23:10:00+00,1.4109999999999996,3.362,72.3,46.461000000000006,9.982000000000001,1011.6260000000001
2026-04-24 23:15:00+00,2.353,3.335999999999999,71.91,44.897999999999996,11.558,1011.7510000000001
2026-04-24 23:20:00+00,2.259,3.3919999999999995,70.96,42.62799999999999,11.841000000000001,1011.8620000000001
2026-04-24 23:25:00+00,1.957,3.378999999999999,70.46,40.092000000000006,11.616000000000003,1011.9650000000001
2026-04-24 23:30:00+00,1.476,3.363,75.12,55.65999999999999,10.475000000000001,1012.0290000000002
2026-04-24 23:35:00+00,1.8259999999999998,3.416999999999999,77.14,62.176,8.571000000000002,1012.18
2026-04-24 23:40:00+00,2.0500000000000003,3.2479999999999967,74.18,53.162999999999975,6.362999999999999,1012.3339999999998
2026-04-24 23:45:00+00,1.507,3.3499999999999988,70.79,41.30000000000001,4.945999999999999,1012.4169999999997
2026-04-24 23:50:00+00,1.7494949494949485,3.3010101010101027,75.53535353535354,57.55757575757575,4.097979797979801,1012.541414141414
2026-04-24 23:55:00+00,1.5633663366336636,3.416831683168315,73.24752475247524,49.765346534653496,4.485148514851486,1012.7039603960391
2026-04-25 00:00:00+00,1.9350000000000012,4.300000000000001,70.78,43.055999999999976,5.254999999999999,1012.7769999999999
2026-04-25 00:05:00+00,2.059,4.318999999999999,69.18,37.55899999999999,6.895000000000002,1012.891
2026-04-25 00:10:00+00,2.043434343434344,4.367676767676766,77.28282828282828,65.01919191919188,9.041414141414146,1013.0434343434343
2026-04-25 00:15:00+00,1.785148514851485,4.397029702970296,74.62376237623762,55.810891089108914,10.759405940594057,1013.1356435643565
2026-04-25 00:20:00+00,3.231,4.356999999999998,75.28,57.56200000000002,11.754999999999997,1013.3030000000005
2026-04-25 00:25:00+00,2.2039999999999993,4.274,71.91,46.96200000000001,12.123000000000006,1013.4009999999996
2026-04-25 00:30:00+00,1.5810000000000004,4.323,76.72,62.51000000000003,11.186000000000002,1013.5599999999998
2026-04-25 00:35:00+00,1.84,4.395999999999997,76.18,61.78299999999996,9.438000000000002,1013.6700000000002
2026-04-25 00:40:00+00,2.633999999999999,4.308,73.81,53.37399999999997,7.690999999999997,1013.816
2026-04-25 00:45:00+00,1.239,4.2909999999999995,76.95,63.57000000000002,5.743999999999999,1013.9179999999999
2026-04-25 00:50:00+00,1.975,4.371999999999999,74.92,57.224,4.384000000000001,1014.041
2026-04-25 00:55:00+00,1.365,4.307,72.82,49.938999999999986,4.054000000000001,1014.1470000000004
2026-04-25 01:00:00+00,1.9509999999999996,5.52,70.67,44.275000000000006,4.577999999999999,1014.2920000000001
2026-04-25 01:05:00+00,2.076,5.561000000000002,70.64,45.32200000000001,5.828999999999999,1014.4019999999998
2026-04-25 01:10:00+00,2.505050505050505,5.586868686868686,67.62626262626263,35.01616161616162,7.553535353535356,1014.4727272727272
2026-04-25 01:15:00+00,2.184158415841584,5.610891089108911,75.10891089108911,58.7029702970297,9.380198019801979,1014.5999999999999
2026-04-25 01:20:00+00,1.6570000000000003,5.622000000000001,72.54,50.873999999999995,11.002,1014.7009999999998
2026-04-25 01:25:00+00,1.811,5.55,67.97,35.431999999999995,12.1,1014.7559999999997
2026-04-25 01:30:00+00,2.175,5.5760000000000005,73.79,55.779000000000025,11.36,1014.9349999999998
2026-04-25 01:35:00+00,1.9868686868686867,5.585858585858586,71.33333333333333,46.884848484848476,10.455555555555554,1015.030303030303
2026-04-25 01:40:00+00,1.1326732673267328,5.554455445544554,67.72277227722772,35.64653465346534,8.775247524752475,1015.0633663366337
2026-04-25 01:45:00+00,2.5959595959595965,5.605050505050506,70.87878787878788,45.02929292929294,6.9090909090909065,1015.1919191919197
2026-04-25 01:50:00+00,2.152475247524753,5.600990099009901,76.05940594059406,63.34455445544554,5.1811881188118845,1015.3019801980201
2026-04-25 01:55:00+00,2.216,5.493999999999999,76.9,64.473,4.275,1015.3679999999999
2026-04-25 02:00:00+00,1.7787878787878788,6.9646464646464645,74.8989898989899,61.34747474747474,4.053535353535352,1015.4010101010105
2026-04-25 02:05:00+00,2.087128712871287,6.891089108910891,68.75247524752476,41.35841584158417,5.110891089108911,1015.4673267326734
2026-04-25 02:10:00+00,1.8960000000000001,6.922000000000001,66.68,33.815999999999995,6.742000000000003,1015.5559999999998
2026-04-25 02:15:00+00,2.35,6.993000000000002,72.35,53.050999999999995,8.763000000000002,1015.5920000000001
2026-04-25 02:20:00+00,1.7309999999999999,6.9670000000000005,73.5,56.257999999999996,10.431000000000001,1015.6060000000001
2026-04-25 02:25:00+00,1.7859999999999996,6.930999999999998,76.81,67.25699999999999,11.630999999999998,1015.7260000000001
2026-04-25 02:30:00+00,2.555,6.883000000000002,66.7,33.238,12.19,1015.7770000000002
2026-04-25 02:35:00+00,2.58,6.966,69.31,42.49400000000001,11.508999999999999,1015.811
2026-04-25 02:40:00+00,2.804,6.99,74.77,61.08,10.06,1015.8780000000002
2026-04-25 02:45:00+00,1.9540000000000004,6.878999999999999,72.24,51.79899999999998,7.901999999999999,1015.9200000000002
2026-04-25 02:50:00+00,1.6860000000000002,6.9990000000000006,69.69,43.415,5.953999999999999,1015.9070000000002
2026-04-25 02:55:00+00,1.9730000000000003,6.895,72.9,54.507000000000005,4.633000000000001,1015.9309999999999
2026-04-25 03:00:00+00,1.6459999999999997,8.383999999999999,70.43,49.41700000000001,4.0870000000000015,1015.972
2026-04-25 03:05:00+00,1.3699999999999997,8.437999999999999,64.59,29.75300000000002,4.437,1016.0179999999999
2026-04-25 03:10:00+00,2.718,8.425,64.6,29.430000000000003,5.906000000000001,1015.9569999999997
2026-04-25 03:15:00+00,1.905,8.358999999999998,71.63,52.738000000000014,7.365000000000001,1015.985
2026-04-25 03:20:00+00,1.7620000000000002,8.411,70.27,48.477000000000004,9.34,1015.971
2026-04-25 03:25:00+00,1.6909999999999996,8.437,68.69,43.81399999999999,10.9,1015.9900000000001
2026-04-25 03:30:00+00,1.9889999999999999,8.401,68.6,42.133,11.915000000000003,1016.0089999999997
2026-04-25 03:35:00+00,2.0909999999999997,8.442,69.95,47.36199999999998,11.801999999999998,1015.9689999999999
2026-04-25 03:40:00+00,1.695,8.447000000000001,68.3,41.66700000000001,10.652000000000001,1015.9720000000001
2026-04-25 03:45:00+00,2.0070000000000006,8.493,64.53,29.140999999999995,9.051,1015.9390000000002
2026-04-25 03:50:00+00,2.5313131313131314,8.428282828282828,64.43434343434343,28.448484848484846,7.045454545454548,1015.8727272727272
2026-04-25 03:55:00+00,1.9160000000000001,8.443,68.72,42.98999999999999,5.431,1015.791
2026-04-25 04:00:00+00,1.8297029702970296,9.995049504950492,68.32673267326733,44.288118811881176,4.207920792079207,1015.8019801980197
2026-04-25 04:05:00+00,1.861,10.055,64.38,31.948000000000008,4.28,1015.7150000000001
2026-04-25 04:10:00+00,1.7730000000000001,9.94,70.25,50.69799999999999,5.1160000000000005,1015.673
2026-04-25 04:15:00+00,2.690999999999999,9.988999999999997,63,26.737999999999996,6.435,1015.6559999999997
2026-04-25 04:20:00+00,1.9029999999999998,10.093000000000002,68.05,43.55100000000003,8.424000000000001,1015.5150000000001
2026-04-25 04:25:00+00,2.1229999999999998,9.982000000000001,69.93,50.225999999999985,10.308000000000002,1015.502
2026-04-25 04:30:00+00,1.737,10.002999999999995,72.02,55.54800000000003,11.438999999999998,1015.4719999999999
2026-04-25 04:35:00+00,2.1151515151515157,10.058585858585856,67.83838383838383,42.91212121212121,11.737373737373737,1015.4141414141415
2026-04-25 04:40:00+00,1.7118811881188116,9.954455445544554,71.8019801980198,55.5891089108911,11.535643564356434,1015.2940594059403
2026-04-25 04:45:00+00,2.4838383838383837,10.015151515151517,69.26262626262626,47.21414141414142,10.192929292929295,1015.2343434343436
2026-04-25 04:50:00+00,2.065346534653465,10.102970297029701,68.55445544554455,45.26732673267326,8.049504950495047,1015.127722772277
2026-04-25 04:55:00+00,2.3119999999999994,9.977999999999998,62.62,24.975,6.372999999999999,1015.054
2026-04-25 05:00:00+00,2.0509999999999997,11.627,63.98,31.631000000000004,4.629999999999998,1014.9380000000003
2026-04-25 05:05:00+00,2.1999999999999993,11.568999999999999,65.08,36.66399999999999,4.0889999999999995,1014.8690000000001
2026-04-25 05:10:00+00,5.485858585858585,11.554545454545453,63.97979797979798,32.35959595959596,4.466666666666667,1014.7737373737376
2026-04-25 05:15:00+00,11.195049504950493,11.573267326732669,63.94059405940594,32.0930693069307,5.34950495049505,1014.5920792079207
2026-04-25 05:20:00+00,22.464999999999996,11.591,62.93,29.514999999999997,7.291000000000001,1014.5389999999998
2026-04-25 05:25:00+00,24.87373737373737,11.53939393939394,65.24242424242425,36.76363636363636,9.289898989898987,1014.4444444444443
2026-04-25 05:30:00+00,33.58712871287129,11.581188118811879,64.98019801980197,35.07623762376238,10.860396039603959,1014.2831683168316
2026-04-25 05:35:00+00,48.135999999999996,11.546,62.61,28.338,11.991000000000001,1014.202
2026-04-25 05:40:00+00,49.136999999999986,11.611,64.76,34.151,11.856,1014.115
2026-04-25 05:45:00+00,41.226000000000006,11.582999999999997,67.28,44.242,10.901999999999997,1013.9939999999999
2026-04-25 05:50:00+00,89.83800000000001,11.56,60.86,21.342999999999996,9.233000000000002,1013.819
2026-04-25 05:55:00+00,82.79,11.583,63.07,29.369000000000007,7.147,1013.7010000000004
2026-04-25 06:00:00+00,115.62899999999999,12.931,58.89,17.814,5.490999999999999,1013.5829999999999
2026-04-25 06:05:00+00,129.045,13.065999999999999,58.67,17.502,4.3020000000000005,1013.505
2026-04-25 06:10:00+00,104.69299999999997,13.020999999999999,62.15,28.449,4.004999999999999,1013.3770000000004
2026-04-25 06:15:00+00,68.22299999999998,13.02,67.04,44.455,4.7459999999999996,1013.2539999999999
2026-04-25 06:20:00+00,148.361,13.08,59.87,21.989000000000004,5.995,1013.14
2026-04-25 06:25:00+00,100.12199999999997,13.033999999999999,65.03,38.524,8.182999999999998,1012.9989999999999
2026-04-25 06:30:00+00,170.305,13.025000000000002,59.94,21.629000000000005,9.897000000000002,1012.8489999999999
2026-04-25 06:35:00+00,195.99499999999992,13.036000000000001,58.91,17.792999999999996,11.262000000000002,1012.74
2026-04-25 06:40:00+00,204.06400000000002,13.083,59.18,18.576,11.923999999999996,1012.576
2026-04-25 06:45:00+00,123.904,13.075999999999999,64.78,37.261999999999986,11.633000000000003,1012.47
2026-04-25 06:50:00+00,166.88299999999995,13.026,62.75,30.657000000000004,10.406,1012.378
2026-04-25 06:55:00+00,160.87699999999998,13.102999999999998,63.76,33.95300000000001,8.274,1012.2639999999999
2026-04-25 07:00:00+00,250.27199999999996,14.337999999999997,57.59,16.416,6.618999999999999,1012.1309999999997
2026-04-25 07:05:00+00,208.335,14.422,60.73,25.908999999999995,4.957000000000002,1012.0010000000001
2026-04-25 07:10:00+00,193.243,14.475999999999999,61.51,29.852000000000004,3.9829999999999997,1011.8970000000002
2026-04-25 07:15:00+00,196.39500000000007,14.443999999999996,62.01,30.75500000000001,4.244000000000001,1011.789
2026-04-25 07:20:00+00,120.66900000000001,14.443,66.82,45.753000000000014,5.169,1011.6989999999996
2026-04-25 07:25:00+00,177.24848484848488,14.425252525252525,63.44444444444444,35.27474747474748,7.142424242424242,1011.5424242424241
2026-04-25 07:30:00+00,328.7336633663366,14.425742574257425,56.73267326732673,13.887128712871286,9.035643564356434,1011.4594059405941
2026-04-25 07:35:00+00,242.56799999999998,14.403000000000002,61.11,27.905,10.605000000000002,1011.3480000000002
2026-04-25 07:40:00+00,290.273,14.444999999999995,59.44,22.227000000000004,11.731,1011.2370000000001
2026-04-25 07:45:00+00,317.75399999999996,14.434000000000001,58.68,19.883000000000003,11.777999999999997,1011.143
2026-04-25 07:50:00+00,220.72299999999998,14.481000000000002,63.23,34.093999999999994,11.040999999999999,1011.039
2026-04-25 07:55:00+00,213.37070707070703,14.425252525252526,63.18181818181818,34.86767676767677,9.364646464646468,1010.9636363636363
2026-04-25 08:00:00+00,220.4564356435643,15.622772277227721,62.15841584158416,34.06435643564357,7.766336633663365,1010.8366336633668
2026-04-25 08:05:00+00,206.17199999999997,15.640000000000004,63.11,36.254,5.664,1010.7660000000001
2026-04-25 08:10:00+00,234.396,15.623999999999999,61.84,32.951,4.404,1010.7620000000002
2026-04-25 08:15:00+00,197.49700000000004,15.614,63.62,38.08500000000001,4.024,1010.6310000000001
2026-04-25 08:20:00+00,241.6887755102041,15.685714285714289,62.275510204081634,33.70918367346939,4.474489795918367,1010.5551020408162
2026-04-25 08:25:00+00,290.32058823529417,15.681372549019612,61.13725490196079,29.975490196078432,6.0696078431372555,1010.4450980392156
2026-04-25 08:30:00+00,321.813,15.659,60.34,26.776,7.877000000000001,1010.426
2026-04-25 08:35:00+00,338.06399999999996,15.678999999999997,59.94,25.255,9.717,1010.3349999999998
2026-04-25 08:40:00+00,373.92600000000004,15.557000000000002,59.37,23.012999999999998,11.561,1010.2870000000001
2026-04-25 08:45:00+00,328.88699999999994,15.716,60.55,27.959000000000014,11.814000000000005,1010.2109999999998
2026-04-25 08:50:00+00,247.57373737373737,15.637373737373741,63.323232323232325,37.378787878787875,11.438383838383839,1010.2414141414141
2026-04-25 08:55:00+00,509.2277227722772,15.654455445544556,55.65346534653465,11.844554455445545,10.269306930693071,1010.1465346534652
2026-04-25 09:00:00+00,269.14899999999994,16.69,62.28,34.999,8.73,1010.166
2026-04-25 09:05:00+00,284.74999999999994,16.642,61.91,33.980999999999995,6.381,1010.1360000000001
2026-04-25 09:10:00+00,282.738,16.623,61.64,32.812999999999995,5.156999999999999,1010.0419999999999
2026-04-25 09:15:00+00,395.865,16.597,59.23,24.718000000000004,4.154,1010.044
2026-04-25 09:20:00+00,261.617,16.66,62.72,36.053999999999995,4.157000000000001,1010.0059999999997
2026-04-25 09:25:00+00,194.96599999999998,16.649999999999995,64.73,43.73,5.307,1010.0059999999999
2026-04-25 09:30:00+00,422.55600000000004,16.608,58.52,22.585,6.713999999999999,1009.9920000000001
2026-04-25 09:35:00+00,584.4494949494951,16.62424242424242,54.85858585858586,10.30808080808081,8.62828282828283,1010.0050505050505
2026-04-25 09:40:00+00,373.7732673267327,16.66039603960396,59.86138613861386,26.707920792079207,10.600990099009897,1010.0376237623761
2026-04-25 09:45:00+00,486.81100000000004,16.632,57.61,20.201000000000004,11.674,1009.9799999999997
2026-04-25 09:50:00+00,480.8260000000001,16.660999999999998,57.98,21.135000000000005,12.081,1010.0559999999998
2026-04-25 09:55:00+00,338.75399999999996,16.682000000000002,61.46,32.95100000000001,11.065,1010.043
2026-04-25 10:00:00+00,481.17499999999995,17.447,57.27,20.611,9.681000000000001,1010.0829999999997
2026-04-25 10:05:00+00,521.955,17.451,56.77,18.130999999999993,7.903,1010.1350000000001
2026-04-25 10:10:00+00,479.81100000000004,17.363999999999997,57.99,21.725000000000005,5.99,1010.1389999999999
2026-04-25 10:15:00+00,256.0300000000001,17.35,63.48,40.108999999999995,4.445999999999999,1010.211
2026-04-25 10:20:00+00,336.67600000000004,17.359,61.06,32.648999999999994,4.17,1010.2070000000002
2026-04-25 10:25:00+00,376.7070707070707,17.341414141414134,59.96969696969697,29.408080808080804,4.316161616161616,1010.2878787878788
2026-04-25 10:30:00+00,329.0316831683168,17.367326732673266,61.48514851485149,34.48613861386139,5.673267326732672,1010.3366336633662
2026-04-25 10:35:00+00,472.13399999999996,17.416000000000004,58.55,23.775999999999996,7.879000000000001,1010.3810000000001
2026-04-25 10:40:00+00,662.5219999999999,17.386999999999997,54.63,11.202,9.607000000000001,1010.415
2026-04-25 10:45:00+00,620.9820000000001,17.381999999999998,55.45,13.526000000000003,11.221999999999998,1010.525
2026-04-25 10:50:00+00,432.0990000000001,17.463,59.36,27.042999999999992,12.106000000000002,1010.638
2026-04-25 10:55:00+00,261.60900000000004,17.46,63.39,40.092000000000006,11.794,1010.6959999999999
2026-04-25 11:00:00+00,436.51300000000003,17.848,59.43,27.611000000000004,10.741999999999997,1010.7490000000003
2026-04-25 11:05:00+00,423.37999999999994,17.887999999999998,59.41,27.89999999999999,8.971999999999998,1010.826
2026-04-25 11:10:00+00,558.692,17.827,56.81,19.562,7.166,1010.873
2026-04-25 11:15:00+00,512.304,17.875999999999998,57.89,22.578000000000003,5.255,1011.0119999999998
2026-04-25 11:20:00+00,698.2529999999999,17.808999999999997,54.4,10.314,4.2620000000000005,1011.1159999999999
2026-04-25 11:25:00+00,549.5280000000001,17.914999999999996,57.36,21.076,4.106,1011.2500000000003
2026-04-25 11:30:00+00,639.8409999999997,17.791000000000007,55.45,15.268999999999997,4.981999999999998,1011.2690000000002
2026-04-25 11:35:00+00,330.22,17.828999999999997,62.62,37.854000000000006,6.253000000000001,1011.3759999999999
2026-04-25 11:40:00+00,394.7404040404041,17.88585858585859,60.888888888888886,33.349494949494954,8.554545454545455,1011.4828282828281
2026-04-25 11:45:00+00,459.77326732673265,17.83267326732674,59.0990099009901,27.555445544554455,10.043564356435644,1011.6435643564356
2026-04-25 11:50:00+00,539.0809999999998,17.863999999999997,57.29,21.537999999999993,11.559000000000001,1011.7129999999999
2026-04-25 11:55:00+00,521.8790000000001,17.817000000000004,58.32,22.935,11.998,1011.775
2026-04-25 12:00:00+00,379.914,17.973000000000006,61.02,34.183,11.373000000000001,1011.982
2026-04-25 12:05:00+00,567.531,18.063,57.37,21.491000000000003,10.030999999999999,1012.058
2026-04-25 12:10:00+00,525.4090000000001,17.905999999999995,58.19,24.268999999999995,8.198999999999998,1012.2289999999998
2026-04-25 12:15:00+00,705.4940000000001,17.949,54.75,11.827999999999998,6.151000000000002,1012.3529999999998
2026-04-25 12:20:00+00,520.446,18.032000000000004,58.2,23.997999999999998,4.7509999999999994,1012.4430000000002
2026-04-25 12:25:00+00,228.49899999999997,18.034000000000002,65.04,46.285,3.839,1012.5849999999997
2026-04-25 12:30:00+00,459.6540000000001,18.048,59.43,28.923999999999996,4.28,1012.755
2026-04-25 12:35:00+00,592.11,17.96,57.22,19.878000000000004,5.605999999999999,1012.8549999999997
2026-04-25 12:40:00+00,588.2424242424244,18.0020202020202,56.292929292929294,18.873737373737377,7.1939393939393925,1012.980808080808
2026-04-25 12:45:00+00,551.169306930693,17.969306930693076,57.613861386138616,21.315841584158417,9.331683168316834,1013.1297029702971
2026-04-25 12:50:00+00,547.409,18.014,57.96,23.088999999999995,10.943999999999999,1013.204
2026-04-25 12:55:00+00,452.025,18.009000000000004,59.8,28.274000000000004,11.767000000000003,1013.3450000000001
2026-04-25 13:00:00+00,555.5737373737372,17.82222222222222,58,22.886868686868688,11.696969696969697,1013.4494949494951
2026-04-25 13:05:00+00,676.4960000000001,17.894999999999996,55.31,14.69,10.99,1013.6259999999999
2026-04-25 13:10:00+00,397.6465346534654,17.8,61.86138613861386,35.03960396039604,9.21980198019802,1013.6544554455446
2026-04-25 13:15:00+00,443.1559999999999,17.85000000000001,60.25,29.929999999999993,7.482,1013.8429999999998
2026-04-25 13:20:00+00,292.934,17.82,64.08,42.38899999999999,5.712000000000001,1013.919
2026-04-25 13:25:00+00,490.537,17.842999999999996,59.55,27.775,4.423000000000001,1014.059
2026-04-25 13:30:00+00,667.5239999999999,17.824,55.31,13.514000000000001,4.01,1014.1499999999999
2026-04-25 13:35:00+00,322.463,17.842000000000006,63.06,39.733999999999995,4.756,1014.2730000000001
2026-04-25 13:40:00+00,256.708,17.892999999999997,64.35,44.50699999999999,6.3110000000000035,1014.4050000000003
2026-04-25 13:45:00+00,439.909,17.829000000000004,59.93,29.64100000000001,8.127,1014.49
2026-04-25 13:50:00+00,394.895,17.835,61.87,34.346000000000004,10.026000000000002,1014.597
2026-04-25 13:55:00+00,299.09700000000004,17.81,63.08,39.56,11.236,1014.7399999999999
2026-04-25 14:00:00+00,296.56299999999993,17.409000000000002,64.28,41.729,11.718000000000002,1014.7610000000001
2026-04-25 14:05:00+00,334.828,17.396000000000004,62.77,38.924,11.696000000000002,1014.9219999999998
2026-04-25 14:10:00+00,608.546,17.391000000000005,56.55,17.785999999999998,10.290000000000003,1015.0140000000001
2026-04-25 14:15:00+00,527.6040404040406,17.414141414141415,58.76767676767677,24.065656565656564,8.165656565656567,1015.1575757575758
2026-04-25 14:20:00+00,346.3326732673268,17.379207920792084,63.08910891089109,38.78910891089109,6.513861386138614,1015.2257425742573
2026-04-25 14:25:00+00,317.17099999999994,17.411000000000005,62.68,38.86399999999999,4.846,1015.2950000000002
2026-04-25 14:30:00+00,513.0010000000001,17.441,58.5,23.642,3.9729999999999994,1015.3509999999999
2026-04-25 14:35:00+00,359.3575757575757,17.344444444444445,61.717171717171716,34.85454545454546,4.332323232323232,1015.481818181818
2026-04-25 14:40:00+00,232.51881188118807,17.35445544554455,65.33663366336634,46.51881188118811,5.331683168316831,1015.4475247524756
2026-04-25 14:45:00+00,346.2060000000001,17.392000000000003,61.98,36.00299999999999,7.102,1015.5649999999997
2026-04-25 14:50:00+00,416.5636363636365,17.404040404040405,60.4040404040404,30.04747474747475,9.105050505050505,1015.649494949495
2026-04-25 14:55:00+00,389.48199999999997,17.348,61.15,32.264,10.625000000000002,1015.6410000000001
2026-04-25 15:00:00+00,286.5495049504951,16.632673267326734,63.93069306930693,41.41485148514851,11.835643564356433,1015.739603960396
2026-04-25 15:05:00+00,278.46969696969705,16.609090909090906,64.54545454545455,42.59292929292929,12.220202020202022,1015.7545454545452
2026-04-25 15:10:00+00,348.7653465346534,16.699999999999996,62.17821782178218,35.669306930693075,11.33465346534654,1015.8495049504951
2026-04-25 15:15:00+00,282.339393939394,16.63232323232323,64.34343434343434,42.223232323232324,9.315151515151516,1015.8666666666667
2026-04-25 15:20:00+00,217.76732673267327,16.68910891089109,66.3069306930693,48.97029702970297,7.456435643564356,1015.9584158415842
2026-04-25 15:25:00+00,218.22100000000003,16.611,66.13,47.83299999999999,5.599999999999999,1015.939
2026-04-25 15:30:00+00,363.4,16.732,61.86,33.76500000000001,4.276,1015.959
2026-04-25 15:35:00+00,448.44040404040396,16.608080808080807,58.707070707070706,23.650505050505046,3.9676767676767684,1016.0030303030303
2026-04-25 15:40:00+00,374.4594059405941,16.62871287128713,60.87128712871287,30.139603960396038,4.566336633663367,1015.9871287128714
2026-04-25 15:45:00+00,278.15,16.686000000000003,63.43,38.694,6.0169999999999995,1016.0189999999998
2026-04-25 15:50:00+00,280.33,16.646000000000004,63.67,38.863,7.797,1016.0310000000002
2026-04-25 15:55:00+00,402.79,16.624000000000002,59.56,25.564,9.771,1015.9780000000001
2026-04-25 16:00:00+00,263.9767676767676,15.630303030303036,65.32323232323232,43.280808080808086,11.5,1015.9636363636366
2026-04-25 16:05:00+00,215.70594059405943,15.645544554455448,66.26732673267327,45.98613861386139,11.834653465346536,1015.9683168316832
2026-04-25 16:10:00+00,221.16100000000006,15.692999999999998,65.47,45.02799999999999,11.515,1015.951
2026-04-25 16:15:00+00,210.13,15.704,66.16,46.882,10.206000000000001,1015.966
2026-04-25 16:20:00+00,181.43200000000002,15.686,67.2,49.486000000000004,8.854999999999999,1015.8889999999999
2026-04-25 16:25:00+00,221.713,15.565999999999999,64.98,42.846000000000004,6.621999999999999,1015.8120000000001
2026-04-25 16:30:00+00,263.452,15.657000000000004,63.35,37.423,5.058999999999999,1015.815
2026-04-25 16:35:00+00,252.27300000000002,15.688999999999998,63.58,37.937999999999995,4.2989999999999995,1015.8429999999998
2026-04-25 16:40:00+00,340.79900000000004,15.638999999999996,59.61,24.897,4.22,1015.7669999999998
2026-04-25 16:45:00+00,330.04848484848486,15.62323232323232,59.60606060606061,24.938383838383842,5.108080808080809,1015.6646464646465
2026-04-25 16:50:00+00,319.3712871287129,15.600000000000001,59.99009900990099,25.25643564356436,6.666336633663366,1015.6534653465344
2026-04-25 16:55:00+00,195.61818181818182,15.62121212121212,64.70707070707071,41.840404040404046,8.801010101010101,1015.5787878787878
2026-04-25 17:00:00+00,172.86336633663356,14.442574257425745,67.05940594059406,47.53960396039606,10.632673267326734,1015.5029702970302
2026-04-25 17:05:00+00,172.5050505050505,14.465656565656564,66.45454545454545,45.6949494949495,11.71010101010101,1015.4343434343434
2026-04-25 17:10:00+00,136.69702970297027,14.500990099009902,68.67326732673267,52.57128712871287,11.81881188118812,1015.3821782178219
2026-04-25 17:15:00+00,179.764,14.482000000000001,65.6,42.86600000000001,11.429999999999998,1015.2189999999999
2026-04-25 17:20:00+00,127.06700000000001,14.465,68.27,51.225,9.66,1015.199
2026-04-25 17:25:00+00,132.99591836734692,14.420408163265304,67.24489795918367,48.45816326530612,7.91326530612245,1015.1224489795918
2026-04-25 17:30:00+00,85.99019607843141,14.427450980392155,70.03921568627452,57.81470588235294,5.8833333333333355,1015.021568627451
2026-04-25 17:35:00+00,156.2040404040404,14.488888888888889,65.39393939393939,42.744444444444454,4.6848484848484855,1014.9383838383837
2026-04-25 17:40:00+00,163.9326732673267,14.448514851485148,64.73267326732673,39.65445544554457,4.082178217821783,1014.8891089108911
2026-04-25 17:45:00+00,109.09799999999997,14.449999999999998,67.07,49.13799999999999,4.484000000000001,1014.715
2026-04-25 17:50:00+00,124.693,14.429999999999996,65.66,43.39200000000001,5.819,1014.5800000000003
2026-04-25 17:55:00+00,151.99999999999997,14.457000000000003,63.84,35.967,7.672000000000001,1014.5559999999998
2026-04-25 18:00:00+00,100.79599999999999,13.088999999999999,69.03,52.297000000000004,9.644999999999998,1014.4419999999998
2026-04-25 18:05:00+00,116.53200000000002,13.080000000000005,67.14,44.599,11.011,1014.2829999999998
2026-04-25 18:10:00+00,64.48700000000002,13.085,71.45,59.678000000000004,11.776,1014.1830000000003
2026-04-25 18:15:00+00,121.53099999999999,13.067,64.48,36.655,11.642000000000001,1014.0829999999999
2026-04-25 18:20:00+00,101.31299999999999,13.039000000000001,66.32,42.462999999999994,10.528000000000002,1013.9950000000001
2026-04-25 18:25:00+00,69.51799999999999,13.015000000000002,69.02,51.956,9.061000000000002,1013.8350000000002
2026-04-25 18:30:00+00,105.52899999999995,13.016000000000002,63.29,32.224000000000004,6.944999999999998,1013.7310000000001
2026-04-25 18:35:00+00,95.227,13.045,63.55,33.001,5.343,1013.5480000000002
2026-04-25 18:40:00+00,74.42300000000002,13.116,64.95,38.405,4.207000000000001,1013.4699999999998
2026-04-25 18:45:00+00,55.58080808080808,13.045454545454545,66.71717171717172,43.09898989898989,4.279797979797979,1013.339393939394
2026-04-25 18:50:00+00,44.38217821782177,13.061386138613859,67.7128712871287,47.54950495049505,5.086138613861387,1013.2089108910892
2026-04-25 18:55:00+00,44.11699999999999,13.106,66.34,42.602,6.631999999999998,1013.1040000000003
2026-04-25 19:00:00+00,46.51300000000001,11.582,64.89,35.383,8.604,1012.9719999999999
2026-04-25 19:05:00+00,34.71499999999999,11.598000000000004,64.61,35.09800000000001,10.314,1012.8700000000001
2026-04-25 19:10:00+00,20.116000000000003,11.551999999999998,68.39,47.214,11.684,1012.7080000000002
2026-04-25 19:15:00+00,17.73,11.474,65.13,35.604,11.988999999999999,1012.5730000000002
2026-04-25 19:20:00+00,6.609,11.579,68.72,48.11299999999999,11.291999999999998,1012.4630000000002
2026-04-25 19:25:00+00,2.7170000000000005,11.465000000000002,65.02,35.908,9.947000000000001,1012.357
2026-04-25 19:30:00+00,3.3140000000000005,11.588000000000001,68.88,49.251000000000005,8.269,1012.2340000000003
2026-04-25 19:35:00+00,1.9369999999999998,11.543000000000001,73.54,64.587,6.106000000000002,1012.115
2026-04-25 19:40:00+00,2.5120000000000005,11.556000000000001,69.74,51.049,4.566000000000001,1011.9999999999999
2026-04-25 19:45:00+00,2.6039999999999996,11.592,67.72,45.165000000000006,3.989,1011.8840000000001
2026-04-25 19:50:00+00,1.3689999999999998,11.598999999999998,69.84,51.04100000000001,4.362,1011.7760000000001
2026-04-25 19:55:00+00,1.652,11.548999999999996,73.44,63.39300000000003,5.348000000000001,1011.6289999999999
2026-04-25 20:00:00+00,1.912,10.005000000000003,69.53,48.15099999999998,7.198999999999999,1011.479
2026-04-25 20:05:00+00,1.8310000000000002,10.054,68.55,46.13700000000001,9.606000000000002,1011.4200000000003
2026-04-25 20:10:00+00,2.258,10.090000000000002,69.82,48.566,10.883999999999997,1011.336
2026-04-25 20:15:00+00,1.3828282828282825,9.982828282828285,73.03030303030303,60.12323232323235,11.736363636363638,1011.1969696969694
2026-04-25 20:20:00+00,2.0623762376237624,10.029702970297029,72.37623762376238,57.14356435643565,11.803960396039603,1011.118811881188
2026-04-25 20:25:00+00,2.0200000000000005,10.020999999999997,71.45,54.460999999999984,10.862000000000002,1011.0530000000002
2026-04-25 20:30:00+00,2.16,9.985000000000005,66.76,38.466,9.179000000000002,1010.9110000000004
2026-04-25 20:35:00+00,2.396969696969697,10.006060606060606,71.29292929292929,54.85959595959596,7.257575757575759,1010.8070707070708
2026-04-25 20:40:00+00,1.857425742574257,10.008910891089112,70.44554455445545,51.340594059405944,5.64059405940594,1010.7009900990099
2026-04-25 20:45:00+00,2.59,9.993000000000002,72.18,57.32,4.109000000000001,1010.6739999999996
2026-04-25 20:50:00+00,2.6049999999999995,9.997000000000003,74.54,64.973,4.260000000000002,1010.6189999999999
2026-04-25 20:55:00+00,1.7679999999999996,9.971000000000002,66.23,37.61600000000001,4.925,1010.5320000000002
2026-04-25 21:00:00+00,2.113,8.435,67.47,39.304,6.101000000000002,1010.4069999999999
2026-04-25 21:05:00+00,2.0539999999999994,8.411999999999997,75.6,65.20300000000002,8.201999999999996,1010.3939999999999
2026-04-25 21:10:00+00,1.8439999999999999,8.53,75.36,64.985,10.134,1010.3789999999999
2026-04-25 21:15:00+00,1.13,8.525,73.54,59.28199999999999,11.509,1010.2459999999999
2026-04-25 21:20:00+00,2.1049999999999995,8.415999999999999,76.99,70.45,11.767000000000001,1010.2339999999999
2026-04-25 21:25:00+00,1.547474747474748,8.439393939393941,68.53535353535354,42.160606060606064,11.394949494949497,1010.2151515151514
2026-04-25 21:30:00+00,2.2870000000000004,8.460000000000003,70.65,49.29900000000001,10.015000000000002,1010.1579999999998
2026-04-25 21:35:00+00,1.6326732673267323,8.450495049504953,71.16831683168317,51.79900990099011,8.247524752475247,1010.0900990099008
2026-04-25 21:40:00+00,2.17,8.47,75.23,64.331,6.337,1010.039
2026-04-25 21:45:00+00,1.4589999999999994,8.456,72.05,54.161000000000016,4.952000000000001,1010.0190000000001
2026-04-25 21:50:00+00,2.51,8.450000000000001,69.38,45.83900000000001,3.964,1010.0120000000003
2026-04-25 21:55:00+00,2.039393939393939,8.475757575757576,67.62626262626263,39.446464646464634,4.268686868686869,1010.0212121212122
2026-04-25 22:00:00+00,2.0702970297029704,2.5900990099009897,75.1980198019802,54.852475247524744,5.312871287128712,1010.0029702970296
2026-04-25 22:05:00+00,2.0860000000000003,2.5669999999999997,75.64,55.64599999999998,7.316,1010.0120000000003
2026-04-25 22:10:00+00,1.6480000000000001,2.634,76.44,58.855999999999995,9.37,1010.015
2026-04-25 22:15:00+00,1.5430000000000001,2.657,75.56,56.525,10.831,1009.9970000000003
2026-04-25 22:20:00+00,2.492,2.688,73.63,49.54600000000001,11.753999999999996,1010.025
2026-04-25 22:25:00+00,1.399,2.609,73.9,50.11,11.976,1010.0490000000001
2026-04-25 22:30:00+00,2.16,2.609,74.39,52.547999999999995,10.664000000000001,1010.0580000000002
2026-04-25 22:35:00+00,2.514,2.508999999999999,75.01,54.332,9.479,1010.0719999999998
2026-04-25 22:40:00+00,1.8659999999999999,2.565,75.49,55.26,7.375,1010.1290000000002
2026-04-25 22:45:00+00,2.4109999999999996,2.655,70.57,39.454,5.638,1010.1290000000001
2026-04-25 22:50:00+00,1.994,2.5039999999999996,75.32,54.937000000000005,4.1850000000000005,1010.2209999999998
2026-04-25 22:55:00+00,1.7979999999999996,2.6169999999999987,73.04,47.41099999999999,4.133,1010.2239999999998
2026-04-25 23:00:00+00,1.9800000000000002,3.2599999999999993,71.62,44.495,4.705000000000001,1010.2610000000001
2026-04-25 23:05:00+00,2.2570000000000006,3.3529999999999998,70.12,38.99499999999999,6.096,1010.3400000000001
2026-04-25 23:10:00+00,2.3099999999999996,3.37,77.51,64.46599999999998,8.238999999999999,1010.3860000000002
2026-04-25 23:15:00+00,1.6100000000000003,3.3950000000000005,76.17,58.885,9.969000000000001,1010.4180000000001
2026-04-25 23:20:00+00,3.021212121212121,3.3828282828282825,75.85858585858585,57.871717171717165,11.14242424242424,1010.5444444444444
2026-04-25 23:25:00+00,2.1673267326732675,3.3099009900990093,72.92079207920793,48.06831683168316,12.177227722772278,1010.625742574257
2026-04-25 23:30:00+00,1.9399999999999997,3.359,78.28,66.37500000000001,11.812999999999999,1010.7019999999998
2026-04-25 23:35:00+00,1.735,3.3789999999999996,77.32,63.347,10.105999999999996,1010.7649999999999
2026-04-25 23:40:00+00,2.8059999999999996,3.312,74.68,54.50299999999999,8.610000000000001,1010.8790000000004
2026-04-25 23:45:00+00,2.167,3.292,71.2,42.26700000000001,6.7940000000000005,1010.9689999999999
2026-04-25 23:50:00+00,2.3609999999999998,3.362,76.54,60.375,4.906999999999999,1011.0229999999999
2026-04-25 23:55:00+00,2.35,3.3360000000000003,77.21,62.722999999999985,4.096,1011.1650000000002
2026-04-26 00:00:00+00,1.332,4.349000000000001,74.88,56.955999999999996,4.215999999999999,1011.1970000000001
2026-04-26 00:05:00+00,2.1090000000000004,4.333999999999999,74.51,55.119,5.291,1011.3129999999999
2026-04-26 00:10:00+00,1.969,4.333000000000001,73.15,51.22699999999999,6.8160000000000025,1011.401
2026-04-26 00:15:00+00,1.267,4.3839999999999995,70.76,43.10199999999999,8.835,1011.465
2026-04-26 00:20:00+00,2.6220000000000003,4.299999999999999,74.47,55.58299999999999,10.506000000000002,1011.6529999999999
2026-04-26 00:25:00+00,1.841,4.351,69.07,37.498999999999995,11.716999999999999,1011.755
2026-04-26 00:30:00+00,1.9339999999999993,4.275,74.44,55.056000000000004,12.064000000000004,1011.898
2026-04-26 00:35:00+00,1.7696969696969695,4.3545454545454545,78.57575757575758,68.40303030303028,11.170707070707072,1011.980808080808
2026-04-26 00:40:00+00,2.3366336633663374,4.324752475247525,76.1980198019802,60.54059405940595,9.469306930693069,1012.0633663366339
2026-04-26 00:45:00+00,2.687,4.393999999999998,71.06,43.652,7.706999999999999,1012.243
2026-04-26 00:50:00+00,2.3019999999999996,4.335,71.18,43.757000000000005,5.776000000000002,1012.3729999999999
2026-04-26 00:55:00+00,2.5060000000000002,4.324000000000001,75.6,59.281000000000006,4.678999999999999,1012.5059999999999
2026-04-26 01:00:00+00,2.242,5.576000000000001,68.79,38.549,3.7990000000000004,1012.6159999999999
2026-04-26 01:05:00+00,2.3151515151515154,5.564646464646464,78.02020202020202,69.41919191919192,4.573737373737372,1012.7414141414143
2026-04-26 01:10:00+00,2.038613861386139,5.548514851485148,70.70297029702971,44.89108910891088,5.978217821782179,1012.8772277227727
2026-04-26 01:15:00+00,2.7129999999999996,5.495,71.87,48.42300000000001,7.543999999999999,1013.0190000000003
2026-04-26 01:20:00+00,2.1269999999999993,5.539,68.1,35.51599999999999,9.452000000000004,1013.0789999999998
2026-04-26 01:25:00+00,2.373,5.491999999999998,67.87,35.676,11.169999999999998,1013.229
2026-04-26 01:30:00+00,2.2059999999999995,5.518,68.17,36.56999999999999,11.946,1013.3439999999999
2026-04-26 01:35:00+00,1.7039999999999997,5.540000000000001,74.93,59.02199999999998,11.395999999999999,1013.4969999999997
2026-04-26 01:40:00+00,1.8560000000000005,5.55,71.56,47.739,10.883999999999997,1013.5760000000002
2026-04-26 01:45:00+00,2.135,5.566,77.25,66.695,8.920000000000002,1013.7439999999998
2026-04-26 01:50:00+00,2.385,5.496,76.48,63.75199999999998,6.799999999999999,1013.7980000000002
2026-04-26 01:55:00+00,2.156565656565656,5.565656565656567,73.64646464646465,55.15555555555555,5.35050505050505,1013.9707070707071
2026-04-26 02:00:00+00,1.8900990099009898,7.015841584158416,70.43564356435644,47.26237623762377,4.060396039603962,1014.0712871287127
2026-04-26 02:05:00+00,1.6439999999999997,6.856,71.27,48.571999999999996,3.9459999999999997,1014.275
2026-04-26 02:10:00+00,1.874,6.936000000000002,73.49,56.35199999999999,4.93,1014.2739999999998
2026-04-26 02:15:00+00,2.049,6.84,72.08,51.18600000000002,6.505999999999999,1014.4840000000003
2026-04-26 02:20:00+00,2.614,6.9659999999999975,72.78,53.51299999999999,8.594999999999997,1014.5060000000001
2026-04-26 02:25:00+00,0.905,7.003000000000001,69.63,43.385,10.225000000000001,1014.6979999999996
2026-04-26 02:30:00+00,1.944,6.925000000000001,70.59,45.793,11.565,1014.7530000000002
2026-04-26 02:35:00+00,1.6780000000000002,6.893000000000001,74.08,58.297,11.727000000000002,1014.8539999999997
2026-04-26 02:40:00+00,1.9860000000000002,6.930999999999999,66.37,32.778999999999996,11.278000000000002,1014.9449999999998
2026-04-26 02:45:00+00,2.4850000000000003,6.978,67.69,37.003,9.719999999999999,1015.0079999999997
2026-04-26 02:50:00+00,2.006,6.997999999999999,71.54,49.888999999999996,8.041,1015.1169999999998
2026-04-26 02:55:00+00,1.6239999999999997,6.9700000000000015,66.26,32.724999999999994,6.279000000000001,1015.1979999999999
2026-04-26 03:00:00+00,1.8699999999999994,8.426,67.07,37.286,4.636,1015.3050000000002
2026-04-26 03:05:00+00,2.213,8.457,67.85,40.251000000000005,4.106,1015.3270000000005
2026-04-26 03:10:00+00,1.009090909090909,8.434343434343436,69.48484848484848,44.539393939393946,4.52020202020202,1015.4404040404041
2026-04-26 03:15:00+00,2.143564356435643,8.415841584158413,65.45544554455445,32.02475247524752,5.638613861386143,1015.4940594059398
2026-04-26 03:20:00+00,1.774,8.422000000000002,68.06,40.794000000000004,7.197999999999999,1015.5400000000003
2026-04-26 03:25:00+00,2.36,8.414000000000003,64.31,28.814,9.525000000000002,1015.6560000000001
2026-04-26 03:30:00+00,2.5120000000000005,8.452,66.98,37.31,11.177000000000003,1015.7289999999999
2026-04-26 03:35:00+00,1.9409999999999998,8.463999999999999,66.8,35.85,11.942999999999998,1015.7660000000001
2026-04-26 03:40:00+00,1.9579999999999995,8.486,65.62,32.75900000000001,11.835000000000003,1015.7969999999998
2026-04-26 03:45:00+00,1.7739999999999998,8.394,70.8,49.878000000000014,10.945000000000002,1015.8589999999999
2026-04-26 03:50:00+00,2.1430000000000002,8.465000000000002,69.69,45.981,9.024000000000001,1015.9090000000002
2026-04-26 03:55:00+00,2.089,8.443,69.33,45.898999999999994,7.202999999999999,1015.8950000000006
2026-04-26 04:00:00+00,1.6869999999999998,10.051000000000002,68.13,43.535,5.249000000000002,1015.8970000000002
2026-04-26 04:05:00+00,2.109,10.008,67.87,42.461999999999996,4.437000000000001,1015.9449999999998
2026-04-26 04:10:00+00,2.0209999999999995,10.032,66.54,38.126000000000005,4.1499999999999995,1015.9370000000001
2026-04-26 04:15:00+00,1.4269999999999996,10.027999999999999,64.2,30.518,4.795,1015.9459999999998
2026-04-26 04:20:00+00,2.6290000000000004,9.992000000000004,67.66,41.98299999999999,6.361999999999998,1016.0170000000002
2026-04-26 04:25:00+00,2.3229999999999995,9.976999999999999,62.13,24.36799999999999,8.502,1015.9969999999998
2026-04-26 04:30:00+00,2.219,9.94,67.54,41.588,10.291000000000002,1016.0139999999998
2026-04-26 04:35:00+00,1.685,10.004000000000001,71.87,55.85699999999998,11.488999999999997,1015.9839999999999
2026-04-26 04:40:00+00,2.113,10.004999999999997,69.56,47.641999999999996,11.727,1015.959
2026-04-26 04:45:00+00,2.6770000000000005,10.06,64.53,30.642000000000003,11.419,1015.9750000000003
2026-04-26 04:50:00+00,2.465,9.995,64.49,31.157000000000007,10.263,1015.925
2026-04-26 04:55:00+00,2.5109999999999992,9.931,68.84,46.12899999999999,8.252000000000002,1015.9379999999999
2026-04-26 05:00:00+00,2.57979797979798,11.613131313131312,61.37373737373738,23.577777777777776,6.187878787878788,1015.8626262626262
2026-04-26 05:05:00+00,1.9524752475247524,11.579207920792081,70.38613861386139,54.13564356435644,4.7693069306930695,1015.7851485148517
2026-04-26 05:10:00+00,5.484,11.521,67.18,43.273,4.1530000000000005,1015.7720000000002
2026-04-26 05:15:00+00,17.08585858585859,11.568686868686868,62.333333333333336,27.49090909090909,4.054545454545455,1015.7212121212119
2026-04-26 05:20:00+00,25.846534653465348,11.627722772277224,63.54455445544554,30.319801980198022,5.4792079207920805,1015.6990099009901
2026-04-26 05:25:00+00,18.622999999999998,11.484999999999998,68.34,47.041,7.273,1015.645
2026-04-26 05:30:00+00,50.677,11.553999999999998,61.1,22.788,9.115000000000002,1015.5399999999998
2026-04-26 05:35:00+00,62.94400000000002,11.591999999999999,60.46,20.529000000000007,10.91,1015.5049999999999
2026-04-26 05:40:00+00,28.611,11.519000000000004,69.77,51.13400000000001,11.995000000000003,1015.4870000000001
2026-04-26 05:45:00+00,54.29299999999999,11.515,66.23,39.278999999999996,11.838999999999997,1015.3459999999999
2026-04-26 05:50:00+00,60.435,11.626999999999999,65.85,38.07,11.122,1015.2719999999998
2026-04-26 05:55:00+00,32.535000000000004,11.547,70.71,55.760999999999996,9.566,1015.165
2026-04-26 06:00:00+00,64.119,13.019000000000004,65.95,41.236999999999995,7.164,1015.0930000000002
2026-04-26 06:05:00+00,71.15959595959598,13.073737373737375,64.88888888888889,37.95656565656566,5.714141414141413,1015.0050505050505
2026-04-26 06:10:00+00,98.65445544554453,13.029702970297029,63.198019801980195,32.85940594059405,4.365346534653465,1014.9207920792079
2026-04-26 06:15:00+00,68.69400000000002,13.066999999999998,67.36,45.28800000000001,3.813,1014.779
2026-04-26 06:20:00+00,68.16199999999999,13.106999999999998,67.29,45.97100000000001,4.860000000000001,1014.7059999999998
2026-04-26 06:25:00+00,73.571,13.06,67.09,44.935,6.036000000000001,1014.5790000000002
2026-04-26 06:30:00+00,149.482,13.000999999999994,61.91,27.896,8.371999999999998,1014.5040000000002
2026-04-26 06:35:00+00,172.33599999999996,13.065,60.48,23.884,10.073,1014.4169999999999
2026-04-26 06:40:00+00,148.63400000000001,13.089,62.87,30.693000000000005,11.257,1014.2829999999998
2026-04-26 06:45:00+00,204.78799999999995,13.018000000000002,60.21,21.439000000000007,12.015999999999998,1014.125
2026-04-26 06:50:00+00,134.45,13.038,64.71,37.22,11.700999999999999,1014.0009999999999
2026-04-26 06:55:00+00,211.01799999999994,13.077,60.42,23.778999999999996,10.297999999999996,1013.9340000000002
2026-04-26 07:00:00+00,210.60505050505049,14.464646464646465,59.656565656565654,23.157575757575767,8.588888888888889,1013.8020202020205
2026-04-26 07:05:00+00,168.9435643564356,14.467326732673266,62.64356435643565,32.45346534653466,6.706930693069307,1013.7316831683169
2026-04-26 07:10:00+00,148.97100000000003,14.423000000000002,63.54,36.665000000000006,5.002000000000002,1013.569
2026-04-26 07:15:00+00,143.13,14.45,64.83,40.25900000000001,3.9189999999999996,1013.4240000000001
2026-04-26 07:20:00+00,219.39199999999997,14.438000000000002,60.94,26.947999999999997,4.164999999999999,1013.3129999999999
2026-04-26 07:25:00+00,199.55999999999997,14.543,62.21,31.514000000000006,5.406999999999999,1013.1819999999998
2026-04-26 07:30:00+00,218.45200000000006,14.480999999999996,61.55,29.453999999999997,6.953,1013.1139999999999
2026-04-26 07:35:00+00,150.111,14.416999999999998,65.21,41.365,8.783999999999999,1012.9309999999998
2026-04-26 07:40:00+00,211.18599999999998,14.502000000000002,63.09,34.325,10.695000000000002,1012.8340000000001
2026-04-26 07:45:00+00,229.011,14.469,62.61,32.02299999999998,11.819999999999995,1012.684
2026-04-26 07:50:00+00,274.48,14.452999999999998,60.7,26.654000000000007,11.793000000000001,1012.584
2026-04-26 07:55:00+00,351.01400000000007,14.468000000000002,58.29,18.295,11.124,1012.443
2026-04-26 08:00:00+00,256.615,15.736,61.26,30.463,9.635,1012.3389999999998
2026-04-26 08:05:00+00,347.31300000000005,15.645999999999999,58.06,19.895000000000003,7.631,1012.1809999999999
2026-04-26 08:10:00+00,342.5626262626262,15.636363636363637,58.494949494949495,20.99494949494949,5.66060606060606,1012.0646464646464
2026-04-26 08:15:00+00,323.850495049505,15.71386138613861,59.31683168316832,23.93267326732673,4.573267326732673,1011.9554455445544
2026-04-26 08:20:00+00,222.675,15.718,63.65,37.743,3.9939999999999998,1011.8800000000001
2026-04-26 08:25:00+00,243.05200000000002,15.646999999999998,62.23,33.56799999999999,4.708000000000001,1011.785
2026-04-26 08:30:00+00,343.86699999999996,15.639000000000001,59.6,25.134999999999994,5.808,1011.6209999999998
2026-04-26 08:35:00+00,471.92500000000007,15.717000000000002,55.8,12.425000000000002,7.61,1011.5550000000002
2026-04-26 08:40:00+00,483.586,15.623,55.93,12.091,9.656,1011.3830000000002
2026-04-26 08:45:00+00,490.0709999999999,15.731,56.31,12.721000000000005,11.21,1011.3129999999996
2026-04-26 08:50:00+00,246.63499999999996,15.646999999999998,63.15,36.211,11.665,1011.2339999999999
2026-04-26 08:55:00+00,400.49799999999993,15.645000000000005,59,22.092999999999996,11.565,1011.0849999999998
2026-04-26 09:00:00+00,397.6410000000001,16.664,58.33,21.826,10.649,1011.0100000000001
2026-04-26 09:05:00+00,437.1606060606061,16.61212121212121,57.43434343434343,19.75050505050505,8.666666666666666,1010.9141414141415
2026-04-26 09:10:00+00,371.381,16.685,59.66,26.072999999999993,6.899000000000001,1010.8080000000002
2026-04-26 09:15:00+00,478.814,16.584,56.71,16.57,4.86,1010.7240000000003
2026-04-26 09:20:00+00,427.1495049504949,16.68712871287129,58.08910891089109,21.778217821782174,4.073267326732672,1010.6485148514848
2026-04-26 09:25:00+00,406.78099999999984,16.621,59.13,24.605999999999995,4.306999999999999,1010.61
2026-04-26 09:30:00+00,577.885,16.658,54.92,10.801999999999998,5.082000000000001,1010.5199999999999
2026-04-26 09:35:00+00,304.691,16.627,61.87,33.63,6.489999999999998,1010.4170000000001
2026-04-26 09:40:00+00,431.0370000000001,16.726,58.95,23.93499999999999,8.831999999999999,1010.4180000000003
2026-04-26 09:45:00+00,316.6969696969698,16.642424242424244,61.888888888888886,34.217171717171716,10.403030303030306,1010.3212121212122
2026-04-26 09:50:00+00,453.4039603960398,16.75940594059406,58.51485148514851,22.009900990099005,11.907920792079207,1010.2613861386141
2026-04-26 09:55:00+00,472.61800000000005,16.678,58.47,22.419000000000004,12.040999999999997,1010.2310000000001
2026-04-26 10:00:00+00,436.9399999999998,17.350000000000005,59.05,25.673999999999996,11.136,1010.1899999999998
2026-04-26 10:05:00+00,323.66,17.427000000000007,61.93,35.004000000000005,9.754,1010.132
2026-04-26 10:10:00+00,185.70700000000005,17.384999999999998,65.17,45.938,7.828999999999999,1010.055
2026-04-26 10:15:00+00,254.89200000000005,17.342,63.11,39.787,6.12,1010.0880000000001
2026-04-26 10:20:00+00,324.869,17.362,61.32,33.236999999999995,4.661999999999999,1010.0299999999997
2026-04-26 10:25:00+00,433.857,17.398000000000007,59.15,25.24000000000001,3.86,1010.0029999999999
2026-04-26 10:30:00+00,296.18300000000005,17.343999999999998,62.21,36.25499999999999,4.545999999999999,1010.0029999999999
2026-04-26 10:35:00+00,486.57599999999996,17.474,58.1,22.746000000000002,5.838000000000002,1010
2026-04-26 10:40:00+00,534.954,17.432999999999996,57.17,19.508,7.547000000000001,1010.0570000000001
2026-04-26 10:45:00+00,565.5930000000001,17.404999999999994,56.58,17.475,9.377,1010.01
2026-04-26 10:50:00+00,520.6379999999999,17.387999999999998,57.72,20.646000000000004,10.902999999999999,1010.02
2026-04-26 10:55:00+00,685.449,17.437999999999995,54.39,10.02,11.748,1010.0310000000001
2026-04-26 11:00:00+00,587.6890000000001,17.873000000000005,56.22,16.79,11.665999999999997,1010.0799999999997
2026-04-26 11:05:00+00,450.84600000000006,17.852000000000004,58.99,26.557,10.665,1010.003
2026-04-26 11:10:00+00,417.12525252525245,17.893939393939394,60.313131313131315,30.479797979797976,9.213131313131312,1010.0666666666666
2026-04-26 11:15:00+00,328.2069306930693,17.80792079207921,62.445544554455445,37.46534653465348,7.115841584158416,1010.0871287128716
2026-04-26 11:20:00+00,453.336,17.838,59.24,26.589999999999996,5.3580000000000005,1010.136
2026-04-26 11:25:00+00,305.911,17.927999999999997,62.48,38.769000000000005,4.197999999999999,1010.214
2026-04-26 11:30:00+00,703.0740000000001,17.84,54.31,10.838000000000001,4.188,1010.3020000000001
2026-04-26 11:35:00+00,526.1670000000001,17.823,58.28,23.431000000000004,4.785,1010.2529999999999
2026-04-26 11:40:00+00,461.401,17.799999999999997,59.41,28.228,6.608999999999998,1010.4010000000001
2026-04-26 11:45:00+00,710.5189999999999,17.805999999999997,54.21,10.587999999999997,8.301999999999998,1010.403
2026-04-26 11:50:00+00,713.622,17.795000000000005,54.14,10.537,10.251,1010.5130000000001
2026-04-26 11:55:00+00,602.7250000000003,17.89,56.48,17.957000000000004,11.407999999999998,1010.4979999999999
2026-04-26 12:00:00+00,507.79696969696965,17.905050505050507,58.74747474747475,25.786868686868694,12.284848484848487,1010.6181818181819
2026-04-26 12:05:00+00,710.1663366336634,17.980198019801982,54.53465346534654,11.589108910891088,11.577227722772276,1010.6881188118812
2026-04-26 12:10:00+00,708.3729999999999,18.014999999999997,54.78,11.870999999999995,9.990999999999996,1010.7950000000003
2026-04-26 12:15:00+00,296.987,17.998999999999995,62.88,40.077000000000005,8.311000000000002,1010.8919999999998
2026-04-26 12:20:00+00,541.569,18.004000000000005,57.52,22.291,6.413999999999999,1010.9629999999999
2026-04-26 12:25:00+00,369.825,17.964000000000002,61.22,33.476,4.764,1011.0590000000002
2026-04-26 12:30:00+00,593.0757575757576,18.05656565656566,56.696969696969695,19.432323232323235,3.9353535353535354,1011.1636363636363
2026-04-26 12:35:00+00,340.1415841584158,18.04257425742575,62.366336633663366,37.677227722772265,4.29009900990099,1011.2188118811885
2026-04-26 12:40:00+00,365.94499999999994,18.017,61.35,34.21300000000001,5.604,1011.3229999999999
2026-04-26 12:45:00+00,690.3829999999999,17.959999999999994,54.88,12.705999999999996,7.195999999999999,1011.4480000000002
2026-04-26 12:50:00+00,407.29499999999985,17.894000000000002,60.92,33.31099999999999,9.213000000000001,1011.539
2026-04-26 12:55:00+00,262.78299999999996,17.993000000000002,63.99,42.043,10.830000000000002,1011.6679999999999
2026-04-26 13:00:00+00,618.5787878787878,17.81616161616161,56.676767676767675,19.129292929292937,11.745454545454542,1011.8171717171718
2026-04-26 13:05:00+00,497.1574257425745,17.943564356435644,59.62376237623762,28.254455445544547,11.836633663366337,1011.9346534653462
2026-04-26 13:10:00+00,628.414,17.856999999999996,56.55,18.178000000000004,11.012,1012.0349999999999
2026-04-26 13:15:00+00,469.355,17.798,59.64,28.68,9.254000000000001,1012.154
2026-04-26 13:20:00+00,584.2770000000002,17.894000000000002,57.31,20.474,7.1659999999999995,1012.2900000000003
2026-04-26 13:25:00+00,440.17299999999994,17.851,60.46,30.802999999999997,5.507000000000001,1012.4210000000002
2026-04-26 13:30:00+00,520.1610000000001,17.795,58.55,24.969,4.322,1012.4720000000001
2026-04-26 13:35:00+00,546.575,17.813,58.04,22.177999999999997,3.9970000000000003,1012.676
2026-04-26 13:40:00+00,414.5696969696969,17.856565656565657,61.23232323232323,33.36363636363636,4.997979797979799,1012.7323232323231
2026-04-26 13:45:00+00,482.4316831683167,17.81287128712871,59.31683168316832,27.208910891089104,6.144554455445545,1012.8405940594062
2026-04-26 13:50:00+00,254.463,17.772000000000002,64.54,43.88899999999999,8.076999999999998,1012.992
2026-04-26 13:55:00+00,427.23800000000006,17.927,60,29.609999999999992,10.164000000000003,1013.1179999999999
2026-04-26 14:00:00+00,284.027,17.385,64.13,42.61599999999999,11.499,1013.2870000000001
2026-04-26 14:05:00+00,334.87300000000005,17.354,62.99,38.29099999999998,11.837999999999997,1013.341
2026-04-26 14:10:00+00,425.9656565656566,17.347474747474745,61.04040404040404,31.597979797979797,11.547474747474746,1013.4888888888888
2026-04-26 14:15:00+00,478.36138613861374,17.389108910891093,59.35643564356435,26.895049504950496,10.390099009900991,1013.680198019802
2026-04-26 14:20:00+00,600.9830000000001,17.397999999999996,56.97,17.532000000000004,8.63,1013.7689999999999
2026-04-26 14:25:00+00,596.1190000000001,17.448,56.65,17.339000000000002,6.542999999999999,1013.8619999999999
2026-04-26 14:30:00+00,589.9484848484851,17.48787878787879,56.64646464646464,17.173737373737378,5.030303030303031,1013.9959595959597
2026-04-26 14:35:00+00,276.03960396039605,17.372277227722773,64.74257425742574,43.83168316831683,4.077227722772278,1014.0782178217821
2026-04-26 14:40:00+00,325.08600000000007,17.38600000000001,62.98,38.938,4.283,1014.2329999999998
2026-04-26 14:45:00+00,571.2440000000001,17.377,56.72,17.389999999999993,5.474999999999999,1014.3499999999997
2026-04-26 14:50:00+00,228.90200000000002,17.347,65.84,48.136999999999986,6.888,1014.456
2026-04-26 14:55:00+00,558.793,17.375999999999998,56.59,16.856000000000005,8.821,1014.584
2026-04-26 15:00:00+00,531.5269999999999,16.639,58.13,20.855999999999995,10.633999999999999,1014.6720000000001
2026-04-26 15:05:00+00,312.81800000000004,16.632999999999996,63.45,38.86699999999999,11.831000000000001,1014.7669999999999
2026-04-26 15:10:00+00,393.2759999999999,16.632,61.5,32.78800000000001,11.73,1014.8589999999999
2026-04-26 15:15:00+00,234.79999999999993,16.7,65.99,48.007000000000005,11.012999999999998,1014.9529999999999
2026-04-26 15:20:00+00,290.665,16.659000000000002,64.22,41.53400000000001,9.424000000000001,1015.1
2026-04-26 15:25:00+00,173.61899999999997,16.685,67.75,53.582999999999984,7.707999999999999,1015.1979999999999
2026-04-26 15:30:00+00,483.792,16.656999999999996,58.26,21.491999999999997,5.753000000000001,1015.215
2026-04-26 15:35:00+00,311.987,16.663,62.61,36.343,4.289000000000001,1015.2959999999998
2026-04-26 15:40:00+00,357.58686868686874,16.62121212121212,61.505050505050505,31.660606060606053,3.892929292929294,1015.4010101010101
2026-04-26 15:45:00+00,272.2495049504951,16.700000000000003,63.99009900990099,40.882178217821775,4.635643564356435,1015.3950495049503
2026-04-26 15:50:00+00,450.955,16.708,58.23,21.221999999999998,5.9060000000000015,1015.529
2026-04-26 15:55:00+00,356.21799999999996,16.651999999999997,60.74,29.616000000000003,7.82,1015.595
2026-04-26 16:00:00+00,198.7969696969697,15.716161616161612,66.6969696969697,48.73838383838384,9.82121212121212,1015.690909090909
2026-04-26 16:05:00+00,405.03267326732674,15.657425742574254,59.89108910891089,26.005940594059403,11.069306930693068,1015.6435643564354
2026-04-26 16:10:00+00,398.522,15.67,59.89,25.419,11.893999999999998,1015.7570000000001
2026-04-26 16:15:00+00,281.82000000000005,15.640999999999998,63.63,38.189,11.573999999999996,1015.7600000000001
2026-04-26 16:20:00+00,289.87699999999995,15.642000000000003,63.29,36.597999999999985,10.43,1015.8629999999998
2026-04-26 16:25:00+00,233.73800000000006,15.599000000000006,64.47,41.324,8.751999999999999,1015.8730000000002
2026-04-26 16:30:00+00,332.99499999999995,15.690000000000003,60.79,28.531000000000002,6.9159999999999995,1015.9740000000003
2026-04-26 16:35:00+00,132.784,15.674999999999997,68.51,54.687000000000005,5.343999999999999,1015.96
2026-04-26 16:40:00+00,245.78799999999995,15.647999999999994,63.41,37.36600000000001,4.157,1015.9630000000001
2026-04-26 16:45:00+00,184.53100000000006,15.673999999999996,65.94,46.301,4.071000000000001,1015.9770000000001
2026-04-26 16:50:00+00,191.88099999999994,15.645,66,45.263000000000005,5.251999999999999,1015.9940000000003
2026-04-26 16:55:00+00,201.16,15.674000000000003,65.19,42.792999999999985,7.0169999999999995,1015.9850000000005
2026-04-26 17:00:00+00,230.41300000000007,14.413,64.57,38.344,8.657,1016.0050000000001
2026-04-26 17:05:00+00,282.26399999999995,14.476999999999999,61.83,29.337999999999997,10.279000000000002,1015.9969999999998
2026-04-26 17:10:00+00,128.166,14.418999999999999,68.49,52.57,11.720999999999998,1015.9519999999998
2026-04-26 17:15:00+00,154.953,14.386,66.8,46.934,11.985999999999997,1015.985
2026-04-26 17:20:00+00,254.27000000000004,14.454000000000002,61.51,28.825999999999993,11.563000000000002,1015.9800000000002
2026-04-26 17:25:00+00,206.44,14.488000000000005,63.1,35.514,9.747,1015.9
2026-04-26 17:30:00+00,233.93099999999998,14.421999999999995,61.45,28.688999999999997,7.843,1015.935
2026-04-26 17:35:00+00,180.7141414141414,14.504040404040408,64.07070707070707,37.62929292929293,5.649494949494949,1015.8494949494949
2026-04-26 17:40:00+00,124.40891089108908,14.51089108910891,67.44554455445545,49.06435643564355,4.780198019801981,1015.8574257425746
2026-04-26 17:45:00+00,122.44699999999997,14.448000000000002,67.37,48.76000000000001,4.0909999999999975,1015.7669999999999
2026-04-26 17:50:00+00,190.50999999999996,14.485,61.69,29.738000000000003,4.574999999999999,1015.7149999999997
2026-04-26 17:55:00+00,137.73300000000003,14.443,65.02,39.868999999999986,5.684000000000001,1015.6929999999999
2026-04-26 18:00:00+00,159.18699999999998,13.055,64.23,34.985,7.455000000000001,1015.65
2026-04-26 18:05:00+00,81.912,13.094,69.44,53.298999999999985,9.487,1015.53
2026-04-26 18:10:00+00,108.57499999999999,13.070000000000002,67.22,45.57200000000001,11.161999999999999,1015.479
2026-04-26 18:15:00+00,42.77799999999999,13.035,73.4,66.042,11.932000000000002,1015.3789999999997
2026-04-26 18:20:00+00,63.299000000000014,13.091000000000003,70.43,57.20799999999999,11.675,1015.3300000000002
2026-04-26 18:25:00+00,67.47300000000001,13.094000000000003,69.62,53.619,10.664000000000001,1015.23
2026-04-26 18:30:00+00,99.23333333333333,13.079797979797979,64.47474747474747,36.719191919191914,9.112121212121213,1015.1747474747474
2026-04-26 18:35:00+00,73.61089108910888,13.064356435643564,67.11881188118812,44.6950495049505,6.828712871287127,1015.0386138613862
2026-04-26 18:40:00+00,56.255999999999986,13.036000000000001,68.46,50.411,5.4190000000000005,1015.0079999999999
2026-04-26 18:45:00+00,79.70199999999998,13.018999999999998,63.01,32.356,4.171,1014.8879999999999
2026-04-26 18:50:00+00,68.81400000000002,12.998000000000001,63.19,32.56700000000001,4.121999999999999,1014.8240000000001
2026-04-26 18:55:00+00,43.909,13.082000000000003,66.6,43.59600000000001,4.820000000000001,1014.7060000000002
2026-04-26 19:00:00+00,48.198999999999984,11.612999999999998,64.99,35.576,6.655000000000001,1014.625
2026-04-26 19:05:00+00,15.670000000000005,11.582000000000004,73.83,64.505,8.436000000000003,1014.445
2026-04-26 19:10:00+00,16.875,11.579000000000006,70.02,53.20799999999999,10.281,1014.3269999999998
2026-04-26 19:15:00+00,15.529000000000005,11.595,69.38,50.18,11.505999999999998,1014.299
2026-04-26 19:20:00+00,5.4270000000000005,11.565999999999999,72.19,60.845,12.256999999999998,1014.1369999999998
2026-04-26 19:25:00+00,3.1280000000000006,11.677999999999999,69.43,50.36,11.312000000000001,1014.0089999999999
2026-04-26 19:30:00+00,2.4840000000000004,11.525999999999996,69.83,51.47,10.102,1013.862
2026-04-26 19:35:00+00,2.266,11.566,64.86,35.334,8.131999999999998,1013.8269999999998
2026-04-26 19:40:00+00,2.6189999999999998,11.517999999999997,69.03,48.962999999999965,6.232,1013.6470000000002
2026-04-26 19:45:00+00,2.018,11.507,65.57,37.404,4.48,1013.5340000000002
2026-04-26 19:50:00+00,2.086,11.504000000000001,67.72,44.703,3.966,1013.3879999999999
2026-04-26 19:55:00+00,2.2,11.546999999999999,71.97,59.001000000000005,4.323999999999999,1013.3070000000001
2026-04-26 20:00:00+00,2.091,10.071000000000002,70.11,50.45800000000001,5.474,1013.1940000000002
2026-04-26 20:05:00+00,1.758,9.993,66.44,38.135,7.293999999999999,1013.038
2026-04-26 20:10:00+00,2.576,9.973,72.3,58.036,9.174000000000001,1012.9449999999998
2026-04-26 20:15:00+00,1.8389999999999997,10.050999999999997,68.44,43.839,10.732000000000003,1012.7760000000001
2026-04-26 20:20:00+00,2.4839999999999995,10.024999999999999,67.82,42.56,11.708999999999998,1012.6579999999999
2026-04-26 20:25:00+00,2.1879999999999997,10.059999999999999,71.91,55.727999999999994,11.98,1012.5629999999999
2026-04-26 20:30:00+00,1.3929999999999996,10.042999999999997,66.5,38.02999999999998,11.023000000000001,1012.4159999999997
2026-04-26 20:35:00+00,2.495,10.002000000000002,68.94,46.13400000000001,9.048,1012.309
2026-04-26 20:40:00+00,2.178,10.044999999999998,69.69,48.955999999999996,7.359,1012.1439999999999
2026-04-26 20:45:00+00,1.2820000000000005,10.027000000000001,71.32,53.459999999999994,5.513999999999999,1012.0650000000002
2026-04-26 20:50:00+00,2.1390000000000002,9.932,67.33,40.665000000000006,4.4559999999999995,1011.9110000000001
2026-04-26 20:55:00+00,1.609090909090909,9.95959595959596,70.29292929292929,50.40101010101011,3.835353535353534,1011.8050505050506
2026-04-26 21:00:00+00,2.5257425742574253,8.398019801980201,67.48514851485149,39.58514851485149,4.838613861386139,1011.7297029702969
2026-04-26 21:05:00+00,1.747474747474747,8.445454545454545,73.64646464646465,58.834343434343445,6.139393939393941,1011.5979797979799
2026-04-26 21:10:00+00,1.832,8.417,73.2,58.481000000000016,8.294,1011.5319999999998
2026-04-26 21:15:00+00,2.6168316831683174,8.465346534653465,70.99009900990099,50.300000000000004,10.023762376237624,1011.3623762376234
2026-04-26 21:20:00+00,1.411,8.423000000000002,70.96,49.67099999999999,11.381999999999998,1011.313
2026-04-26 21:25:00+00,1.2500000000000002,8.487,75.87,65.883,12.054999999999996,1011.1700000000002
2026-04-26 21:30:00+00,1.5510000000000002,8.454,71.04,50.517999999999994,11.514000000000001,1011.145
2026-04-26 21:35:00+00,2.885,8.432,70.97,50.74700000000001,10.432000000000002,1011.0039999999998
2026-04-26 21:40:00+00,1.0079999999999998,8.380999999999998,68.36,41.928999999999995,8.627,1010.909
2026-04-26 21:45:00+00,1.8739999999999997,8.387,74.88,62.528999999999996,6.533,1010.7940000000002
2026-04-26 21:50:00+00,1.4110000000000003,8.421,75.88,67.19099999999999,4.908,1010.738
2026-04-26 21:55:00+00,1.493,8.472,72.77,56.32899999999999,4.1400000000000015,1010.6680000000003
2026-04-26 22:00:00+00,3.275641025641025,2.6269230769230765,77.02564102564102,59.95,4.265384615384616,1010.6102564102566
2026-04-26 22:05:00+00,1.9410000000000003,2.6260000000000003,76.37,59.031000000000006,5.2719999999999985,1010.4629999999999
2026-04-26 22:10:00+00,2.0515151515151513,2.648484848484848,77.03030303030303,60.99393939393939,7.046464646464647,1010.4282828282828
2026-04-26 22:15:00+00,1.993,2.6079999999999997,73.84,51.082,8.921000000000001,1010.3450000000001
2026-04-26 22:20:00+00,2.4079207920792074,2.6306930693069313,76.86138613861387,60.41683168316833,10.538613861386143,1010.3059405940592
2026-04-26 22:25:00+00,1.9979999999999998,2.6259999999999994,75.51,55.239999999999974,11.828000000000005,1010.276
2026-04-26 22:30:00+00,2.562,2.64,75.98,56.914000000000016,11.794000000000004,1010.2090000000003
2026-04-26 22:35:00+00,1.6850000000000003,2.602,72.35,44.98,11.173,1010.156
2026-04-26 22:40:00+00,2.417171717171717,2.5090909090909093,72.9090909090909,47.26868686868687,9.622222222222222,1010.0878787878789
2026-04-26 22:45:00+00,1.1673267326732673,2.5673267326732674,72.10891089108911,44.01089108910892,7.725742574257425,1010.0960396039602
2026-04-26 22:50:00+00,2.3579999999999997,2.6050000000000004,78.05,64.204,5.516,1010.0529999999999
2026-04-26 22:55:00+00,1.6130000000000002,2.562,75.87,56.983999999999995,4.311999999999999,1010.046
2026-04-26 23:00:00+00,1.9039999999999997,3.389000000000001,72.55,46.66600000000001,3.9640000000000004,1010.067
2026-04-26 23:05:00+00,2.0509999999999997,3.3470000000000004,74.57,53.482000000000006,4.665,1009.959
2026-04-26 23:10:00+00,2.0009999999999994,3.388,71.03,43.562,6.127999999999999,1009.9979999999999
2026-04-26 23:15:00+00,1.7400000000000002,3.3009999999999993,75.62,57.428999999999995,7.9079999999999995,1009.9739999999998
2026-04-26 23:20:00+00,2.039,3.3769999999999993,69.93,38.974000000000004,9.658999999999999,1010.0219999999998
2026-04-26 23:25:00+00,2.5121212121212126,3.358585858585858,73.16161616161617,48.243434343434345,11.51212121212121,1010.0191919191918
2026-04-26 23:30:00+00,1.9712871287128715,3.288118811881188,79.54455445544555,70.70198019801981,11.72871287128713,1009.9871287128714
2026-04-26 23:35:00+00,2.131,3.3629999999999995,78.08,66.029,11.671000000000001,1010.047
2026-04-26 23:40:00+00,2.5797979797979793,3.3232323232323226,69.95959595959596,39.34242424242426,10.518181818181816,1010.1010101010108
2026-04-26 23:45:00+00,1.9930693069306928,3.2891089108910894,74.0990099009901,53.180198019801985,8.9,1010.1356435643563
2026-04-26 23:50:00+00,1.827,3.388,71.57,43.99100000000001,6.600999999999996,1010.0880000000002
2026-04-26 23:55:00+00,2.74,3.372,74.6,53.835,5.207000000000001,1010.17
2026-04-27 00:00:00+00,1.8319999999999999,4.315,72.99,50.045,4.008000000000001,1010.185
2026-04-27 00:05:00+00,1.936,4.388999999999999,75.68,59.53,4.041000000000001,1010.273
2026-04-27 00:10:00+00,2.072727272727272,4.3010101010101005,72.01010101010101,46.448484848484846,5.229292929292929,1010.3030303030303
2026-04-27 00:15:00+00,2.0267326732673268,4.326732673267327,69.33663366336634,38.24356435643565,6.903960396039604,1010.3564356435642
2026-04-27 00:20:00+00,2.156,4.328000000000001,69.34,37.57299999999999,8.796000000000003,1010.4079999999999
2026-04-27 00:25:00+00,2.1440000000000006,4.335,73.04,50.53100000000001,10.762,1010.507
2026-04-27 00:30:00+00,2.412,4.373,75.45,57.661000000000016,11.720999999999998,1010.581
2026-04-27 00:35:00+00,1.713,4.323,73.58,52.437000000000005,12.003999999999998,1010.6320000000001
2026-04-27 00:40:00+00,1.8339999999999999,4.291,74.26,54.85700000000003,11.103000000000003,1010.7690000000002
2026-04-27 00:45:00+00,1.9279999999999995,4.327000000000001,75.14,57.62799999999999,9.591000000000001,1010.8279999999997
2026-04-27 00:50:00+00,1.8150000000000004,4.31,73.67,52.82100000000001,7.761,1010.8789999999997
2026-04-27 00:55:00+00,1.9090909090909092,4.353535353535352,76.64646464646465,62.406060606060606,6.0777777777777775,1011.0161616161616
2026-04-27 01:00:00+00,2.6400000000000006,5.588999999999999,70.69,45.03,4.622999999999999,1011.1250000000001
2026-04-27 01:05:00+00,1.7782178217821778,5.563366336633661,70.48514851485149,43.99801980198022,4.08118811881188,1011.1702970297026
2026-04-27 01:10:00+00,1.305,5.509999999999999,68.17,35.881,4.388999999999999,1011.3090000000004
2026-04-27 01:15:00+00,2.489,5.516,70.43,44.32,5.8599999999999985,1011.3800000000001
2026-04-27 01:20:00+00,1.504,5.615000000000001,72.01,48.97000000000002,7.369000000000001,1011.54
2026-04-27 01:25:00+00,2.4474747474747476,5.597979797979797,73.31313131313131,53.82424242424243,9.51919191919192,1011.6121212121215
2026-04-27 01:30:00+00,1.8267326732673268,5.582178217821782,73.44554455445545,53.734653465346526,10.997029702970298,1011.6920792079208
2026-04-27 01:35:00+00,2.003,5.558,69.31,40.391000000000005,11.739,1011.8370000000001
2026-04-27 01:40:00+00,1.76,5.593,72.47,50.44499999999998,11.460999999999999,1011.9040000000002
2026-04-27 01:45:00+00,2.2626262626262625,5.574747474747474,75.36363636363636,61.049494949494964,10.648484848484847,1012.0161616161615
2026-04-27 01:50:00+00,1.791089108910891,5.524752475247524,71.31683168316832,47.40594059405941,8.937623762376239,1012.1811881188117
2026-04-27 01:55:00+00,2.028,5.619999999999999,69.31,39.646000000000015,7.081,1012.266
2026-04-27 02:00:00+00,2.2232323232323234,6.865656565656565,69.8989898989899,44.41111111111111,5.449494949494951,1012.4282828282829
2026-04-27 02:05:00+00,1.6336633663366336,6.951485148514852,66.16831683168317,31.955445544554447,4.10990099009901,1012.4871287128716
2026-04-27 02:10:00+00,1.935,6.929000000000001,68.99,40.868,4.087000000000001,1012.6890000000001
2026-04-27 02:15:00+00,2.0079999999999996,6.978,70.47,45.638000000000005,4.9079999999999995,1012.7739999999999
2026-04-27 02:20:00+00,1.6739999999999997,6.941,66.29,32.522000000000006,6.582999999999999,1012.916
2026-04-27 02:25:00+00,1.734,6.935,75.14,61.105999999999995,8.431,1013.0809999999998
2026-04-27 02:30:00+00,1.149,6.9499999999999975,67.38,36.104,10.467000000000002,1013.1310000000001
2026-04-27 02:35:00+00,1.7151515151515149,6.96868686868687,73.95959595959596,58.18080808080808,11.46868686868687,1013.2636363636362
2026-04-27 02:40:00+00,1.7079207920792074,6.963366336633664,70.99009900990099,48.21980198019803,11.891089108910895,1013.4425742574258
2026-04-27 02:45:00+00,2.126,6.974000000000001,68.72,39.69500000000001,11.311,1013.5369999999996
2026-04-27 02:50:00+00,1.817,6.95,69.74,43.93200000000001,9.960000000000004,1013.6499999999995
2026-04-27 02:55:00+00,1.618,6.882999999999999,66.65,33.85300000000001,7.919000000000002,1013.784
2026-04-27 03:00:00+00,2.106,8.451,68.02,40.379,6.272000000000002,1013.8570000000003
2026-04-27 03:05:00+00,2.6060000000000003,8.458999999999996,69.56,45.735,4.48,1014.0599999999998
2026-04-27 03:10:00+00,1.6780000000000006,8.388000000000003,70.1,48.071999999999996,3.8700000000000006,1014.135
2026-04-27 03:15:00+00,2.131,8.439,66.48,36.222,4.558,1014.2479999999999
2026-04-27 03:20:00+00,2.0779999999999994,8.461999999999998,67.76,39.91,5.604000000000001,1014.3509999999999
2026-04-27 03:25:00+00,1.7899999999999998,8.459,66.31,35.13199999999999,7.245999999999999,1014.5340000000001
2026-04-27 03:30:00+00,1.9400000000000004,8.483,64.81,29.831000000000003,9.509,1014.6080000000002
2026-04-27 03:35:00+00,1.9610000000000005,8.452000000000004,65.98,34.406000000000006,11.124000000000002,1014.6929999999999
2026-04-27 03:40:00+00,1.5870000000000002,8.453999999999999,67.72,39.675,11.991999999999997,1014.7650000000001
2026-04-27 03:45:00+00,2.435,8.389,66.79,36.168,11.764000000000003,1014.8760000000003
2026-04-27 03:50:00+00,1.903,8.451,67.88,40.114999999999995,10.704,1014.959
2026-04-27 03:55:00+00,2.1050000000000004,8.349,68.05,40.138000000000005,8.879,1015.0750000000002
2026-04-27 04:00:00+00,2.651,9.960000000000003,63.47,27.629000000000005,7.145,1015.1949999999997
2026-04-27 04:05:00+00,2.137,9.982000000000001,62.84,25.284000000000006,5.507000000000001,1015.2090000000001
2026-04-27 04:10:00+00,2.2680000000000002,9.887999999999998,64.13,29.889000000000006,4.097,1015.32
2026-04-27 04:15:00+00,2.1959999999999997,10.019,67.03,39.925000000000004,3.844,1015.4119999999998
2026-04-27 04:20:00+00,2.8539999999999996,9.932,68.41,44.349000000000004,4.672,1015.5059999999999
2026-04-27 04:25:00+00,2.2370000000000005,9.992,66.84,39.083999999999996,6.443999999999999,1015.5360000000001
2026-04-27 04:30:00+00,2.463636363636364,10.0020202020202,62.313131313131315,24.842424242424247,8.383838383838382,1015.60101010101
2026-04-27 04:35:00+00,2.035,9.968,62.62,25.117000000000004,10.241000000000003,1015.6899999999998
2026-04-27 04:40:00+00,2.155445544554456,9.978217821782179,67.33663366336634,40.78217821782178,11.239603960396037,1015.7405940594061
2026-04-27 04:45:00+00,2.775,10.034,65,33.31899999999999,11.551000000000004,1015.7760000000003
2026-04-27 04:50:00+00,1.9620000000000002,9.986999999999998,68.74,45.607000000000006,11.752,1015.847
2026-04-27 04:55:00+00,1.892,10.019,62.46,25.181000000000004,9.943,1015.8499999999999
2026-04-27 05:00:00+00,2.077,11.547,67.87,45.50500000000002,8.334999999999997,1015.8660000000001
2026-04-27 05:05:00+00,4.446999999999999,11.647000000000002,66.88,42.341,6.441999999999999,1015.895
2026-04-27 05:10:00+00,11.874,11.482000000000003,61.22,23.976999999999997,4.781000000000001,1015.924
2026-04-27 05:15:00+00,13.91,11.509,66.49,40.64100000000001,4.2330000000000005,1015.945
2026-04-27 05:20:00+00,31.138999999999996,11.552999999999999,61.64,24.335,4.325999999999999,1015.985
2026-04-27 05:25:00+00,30.807,11.626,65.04,35.382999999999996,5.528,1016.0599999999997
2026-04-27 05:30:00+00,39.30199999999999,11.519999999999998,64.65,34.78799999999999,7.097999999999998,1016.0360000000001
2026-04-27 05:35:00+00,53.43899999999999,11.52,63.26,30.196000000000005,8.790999999999999,1015.959
2026-04-27 05:40:00+00,36.93400000000001,11.503999999999998,68.16,45.838,10.751000000000001,1015.9809999999999
2026-04-27 05:45:00+00,33.048,11.636,69.79,52.37300000000001,11.807,1015.9889999999999
2026-04-27 05:50:00+00,43.83434343434344,11.522222222222226,68.87878787878788,48.89292929292929,11.917171717171719,1015.970707070707
2026-04-27 05:55:00+00,35.6049504950495,11.524752475247524,71.06930693069307,55.765346534653474,11.243564356435646,1015.9465346534657
2026-04-27 06:00:00+00,125.053,13.081999999999999,58.78,17.506000000000004,9.614,1015.95
2026-04-27 06:05:00+00,78.696,12.973999999999998,64.93,37.988,7.285,1015.8929999999999
2026-04-27 06:10:00+00,147.69090909090912,13.095959595959595,58.76767676767677,17.4030303030303,5.444444444444445,1015.859595959596
2026-04-27 06:15:00+00,128.71499999999997,13.081,61.01,25.275999999999996,4.312999999999999,1015.816
2026-04-27 06:20:00+00,162.3118811881188,13.074257425742575,59.366336633663366,19.216831683168316,4.04950495049505,1015.7841584158414
2026-04-27 06:25:00+00,102.182,13.095999999999998,65.42,39.535,4.817,1015.734
2026-04-27 06:30:00+00,125.256,13.155,63.43,33.779,5.952999999999999,1015.698
2026-04-27 06:35:00+00,134.732,13.083,63.65,33.462999999999994,8.109000000000002,1015.6299999999997
2026-04-27 06:40:00+00,128.95,13.100000000000005,64.77,37.228,10.198999999999996,1015.578
2026-04-27 06:45:00+00,95.067,13.042,67.73,46.57000000000001,11.360999999999997,1015.4739999999998
2026-04-27 06:50:00+00,228.68699999999998,13.084000000000001,59.34,19.291999999999998,11.991,1015.3899999999999
2026-04-27 06:55:00+00,185.582,13.091000000000001,62.35,29.131,11.92,1015.3199999999997
2026-04-27 07:00:00+00,176.29100000000003,14.418999999999999,61.44,28.84799999999999,10.227000000000002,1015.2309999999999
2026-04-27 07:05:00+00,92.514,14.482000000000005,67.12,47.271000000000015,8.553,1015.191
2026-04-27 07:10:00+00,268.75200000000007,14.476,58.09,17.757,6.570000000000002,1015.057
2026-04-27 07:15:00+00,269.086,14.455000000000002,59,19.319,4.954999999999999,1014.9119999999998
2026-04-27 07:20:00+00,144.066,14.440999999999999,65.29,41.785999999999994,4.144,1014.8830000000002
2026-04-27 07:25:00+00,324.65299999999996,14.519,57.08,13.933000000000002,4.3530000000000015,1014.758
2026-04-27 07:30:00+00,287.03600000000006,14.353000000000002,58.99,20.942999999999998,5.199000000000001,1014.6550000000002
2026-04-27 07:35:00+00,182.76,14.491999999999997,64.19,38.252,6.914999999999999,1014.5579999999999
2026-04-27 07:40:00+00,209.11919191919196,14.457575757575759,63.39393939393939,35.11919191919192,9.036363636363637,1014.4424242424244
2026-04-27 07:45:00+00,229,14.443564356435639,62.415841584158414,31.344554455445543,10.792079207920793,1014.3504950495052
2026-04-27 07:50:00+00,299.834,14.454,59.98,23.604,11.622,1014.2109999999999
2026-04-27 07:55:00+00,264.255,14.491000000000001,61.67,29.321000000000005,11.837,1014.0990000000003
2026-04-27 08:00:00+00,346.9868686868686,15.694949494949498,57.82828282828283,18.565656565656564,11.294949494949494,1014
2026-04-27 08:05:00+00,416.7782178217822,15.66138613861386,56.00990099009901,11.910891089108912,9.823762376237624,1013.8336633663366
2026-04-27 08:10:00+00,330.49100000000004,15.706,58.97,22.473000000000003,7.6789999999999985,1013.7930000000001
2026-04-27 08:15:00+00,436.7469999999999,15.599,55.85,12.165,5.97,1013.683
2026-04-27 08:20:00+00,448.0119999999999,15.690999999999995,55.88,11.982999999999997,4.446999999999999,1013.5109999999997
2026-04-27 08:25:00+00,458.49,15.612999999999998,55.73,12.061,4.153,1013.35
2026-04-27 08:30:00+00,393.4070000000002,15.727,57.79,18.955,4.834,1013.2640000000002
2026-04-27 08:35:00+00,234.87200000000004,15.666000000000004,63.11,36.00000000000001,5.684,1013.175
2026-04-27 08:40:00+00,145.5020202020202,15.66666666666667,66.33333333333333,47.539393939393946,7.787878787878788,1013.0323232323232
2026-04-27 08:45:00+00,374.70495049504956,15.641584158415844,59.35643564356435,22.872277227722773,9.84059405940594,1012.9009900990098
2026-04-27 08:50:00+00,360.805,15.718000000000002,59.93,25.625,10.902000000000003,1012.7279999999998
2026-04-27 08:55:00+00,221.01499999999996,15.659999999999998,64.41,40.06500000000001,11.923000000000004,1012.6479999999997
2026-04-27 09:00:00+00,306.569,16.650000000000002,60.95,30.627000000000002,11.497,1012.5099999999998
2026-04-27 09:05:00+00,335.65050505050505,16.704040404040402,60.121212121212125,28.138383838383838,10.507070707070708,1012.411111111111
2026-04-27 09:10:00+00,547.8900990099011,16.667326732673267,55.01980198019802,10.631683168316831,9.030693069306931,1012.287128712871
2026-04-27 09:15:00+00,461.981,16.651,57.12,17.951999999999998,6.951999999999998,1012.2019999999998
2026-04-27 09:20:00+00,420.9849999999999,16.599999999999998,58.36,22.044,5.004999999999999,1012.0440000000002
2026-04-27 09:25:00+00,332.1275510204082,16.714285714285715,61.02040816326531,30.80816326530612,4.040816326530612,1011.954081632653
2026-04-27 09:30:00+00,582.3366336633663,16.693069306930692,54.94059405940594,10.418811881188121,4.202970297029703,1011.7930693069306
2026-04-27 09:35:00+00,553.581,16.623,55.54,13.305,4.792000000000002,1011.6679999999996
2026-04-27 09:40:00+00,200.68,16.631,65.24,45.12999999999999,6.6819999999999995,1011.5989999999999
2026-04-27 09:45:00+00,355.56633663366335,16.656435643564357,60.93069306930693,30.81881188118812,8.935643564356438,1011.4792079207922
2026-04-27 09:50:00+00,473.2559999999999,16.658,58.58,21.903000000000006,10.402000000000001,1011.3829999999999
2026-04-27 09:55:00+00,381.26599999999996,16.633000000000003,60.32,28.22,11.831000000000001,1011.2310000000001
2026-04-27 10:00:00+00,445.5449999999999,17.362000000000002,58.76,24.629999999999995,11.763000000000003,1011.095
2026-04-27 10:05:00+00,633.1419999999999,17.399,54.38,10.030000000000003,11.415999999999999,1011.0110000000002
2026-04-27 10:10:00+00,336.5,17.521000000000004,61.47,33.956999999999994,9.875000000000002,1010.9770000000001
2026-04-27 10:15:00+00,496.07099999999997,17.386999999999997,57.8,21.425,7.952999999999999,1010.886
2026-04-27 10:20:00+00,265.93300000000005,17.355000000000004,63.09,39.27800000000001,5.843,1010.7879999999998
2026-04-27 10:25:00+00,483.728,17.323,58.44,23.463,4.7200000000000015,1010.6610000000001
2026-04-27 10:30:00+00,665.613,17.418,54.18,9.791999999999998,3.958,1010.6379999999999
2026-04-27 10:35:00+00,672.3720000000001,17.437,54.26,9.770999999999997,4.364000000000001,1010.5350000000002
2026-04-27 10:40:00+00,572.5490000000002,17.379000000000005,56.73,17.331000000000003,5.452999999999999,1010.5260000000001
2026-04-27 10:45:00+00,235.63400000000001,17.429000000000002,63.97,42.449,7.417000000000001,1010.4479999999999
2026-04-27 10:50:00+00,559.215,17.398000000000003,57.57,19.391000000000005,9.422,1010.3629999999998
2026-04-27 10:55:00+00,364.87199999999996,17.366000000000003,61.68,33.715,10.966000000000001,1010.2980000000002
2026-04-27 11:00:00+00,357.49696969696964,17.8959595959596,61.25252525252525,35.33535353535353,12.235353535353536,1010.2363636363638
2026-04-27 11:05:00+00,365.2049504950494,17.75445544554455,61.06930693069307,33.12574257425742,11.86831683168317,1010.2356435643563
2026-04-27 11:10:00+00,644.7930000000001,17.837999999999997,55.41,14.233000000000004,10.636000000000001,1010.1650000000002
2026-04-27 11:15:00+00,250.17600000000004,17.847999999999995,64.06,42.486000000000004,8.941,1010.1179999999999
2026-04-27 11:20:00+00,456.5819999999999,17.831000000000003,59.63,27.857,7.210000000000001,1010.109
2026-04-27 11:25:00+00,696.176,17.804000000000006,54.38,11.388,5.3889999999999985,1010.0659999999998
2026-04-27 11:30:00+00,364.222,17.791,61.82,35.07499999999999,4.425,1010.0260000000001
2026-04-27 11:35:00+00,603.8929999999999,17.888,56.42,18.162,4.136000000000001,1010.0309999999997
2026-04-27 11:40:00+00,557.3680000000002,17.857999999999993,57.68,21.695,4.822,1009.9769999999999
2026-04-27 11:45:00+00,716.339,17.907999999999998,54.3,10.482000000000001,6.425,1010.0169999999999
2026-04-27 11:50:00+00,716.855,17.838000000000005,54.31,10.406,8.325,1009.975
2026-04-27 11:55:00+00,613.4050505050507,17.892929292929292,56.02020202020202,17.05959595959596,9.98989898989899,1010.0212121212122
2026-04-27 12:00:00+00,407.2762376237625,18.031683168316835,60.64356435643565,31.66336633663367,11.543564356435644,1010.030693069307
2026-04-27 12:05:00+00,709.1469999999999,17.965999999999998,54.43,12.312999999999999,12.071000000000003,1010.041
2026-04-27 12:10:00+00,487.35100000000006,18.061,59.58,27.932000000000002,11.597999999999997,1010.0239999999999
2026-04-27 12:15:00+00,422.37300000000016,17.945,60.21,30.453000000000007,10.314,1010.1289999999999
2026-04-27 12:20:00+00,709.4329999999998,18.115,54.59,11.907000000000004,8.540999999999999,1010.0709999999999
2026-04-27 12:25:00+00,381.15399999999994,17.99,61.13,33.965,6.318000000000001,1010.1210000000001
2026-04-27 12:30:00+00,708.784,18.078000000000003,54.66,12.168000000000001,4.86,1010.1780000000002
2026-04-27 12:35:00+00,279.685,18.011999999999997,64.21,42.898,3.8930000000000002,1010.2170000000001
2026-04-27 12:40:00+00,677.453,17.920999999999996,55.28,14.071999999999997,4.419,1010.2770000000002
2026-04-27 12:45:00+00,602.3560000000001,17.954,56.78,19.085,5.324000000000001,1010.341
2026-04-27 12:50:00+00,649.2070000000001,18.058999999999997,55.78,15.630999999999998,7.1579999999999995,1010.3429999999998
2026-04-27 12:55:00+00,502.48300000000023,18.056000000000004,58.87,25.480999999999995,9.210999999999999,1010.441
2026-04-27 13:00:00+00,667.677,17.809000000000005,56.02,16.096999999999998,10.796000000000003,1010.55
2026-04-27 13:05:00+00,393.15200000000004,17.847,61.8,34.655,11.686,1010.6159999999999
2026-04-27 13:10:00+00,483.1597826086956,17.82717391304348,59.34782608695652,27.381521739130438,11.572826086956523,1010.6271739130434
2026-04-28 08:15:00+00,403.4608695652175,15.630434782608694,57.26086956521739,16.584782608695654,7.352173913043478,1015.1065217391304
2026-04-28 08:20:00+00,220.065,15.644,64.09,38.85,6.186000000000002,1015.0350000000003
2026-04-28 08:25:00+00,343.76800000000003,15.634999999999998,59.68,25.250999999999998,4.736000000000001,1014.9340000000002
2026-04-28 08:30:00+00,396.58500000000015,15.630000000000006,58.53,19.432000000000002,4.011,1014.821
2026-04-28 08:35:00+00,461.899,15.616,56.67,14.136999999999995,4.592,1014.71
2026-04-28 08:40:00+00,493.5229999999999,15.683,55.49,11.435,5.948,1014.6389999999998
2026-04-28 08:45:00+00,500.81399999999996,15.616000000000001,55.78,12.046000000000003,7.648,1014.4880000000002
2026-04-28 08:50:00+00,352.19599999999997,15.627999999999997,60.69,27.783,9.621000000000002,1014.4120000000001
2026-04-28 08:55:00+00,378.1363636363637,15.7010101010101,59.25252525252525,23.426262626262623,11.38888888888889,1014.2555555555556
2026-04-28 09:00:00+00,297.61485148514856,16.660396039603963,61.148514851485146,31.143564356435643,11.762376237623762,1014.1663366336633
2026-04-28 09:05:00+00,475.155,16.667,56.83,16.751,11.736999999999998,1014.09
2026-04-28 09:10:00+00,282.44599999999997,16.73000000000001,61.78,34.01700000000001,10.609999999999998,1013.937
2026-04-28 09:15:00+00,325.1070707070707,16.644444444444442,60.96969696969697,31.19191919191919,8.717171717171714,1013.8727272727272
2026-04-28 09:20:00+00,317.0524752475247,16.67623762376237,61.32673267326733,30.757425742574256,6.906930693069306,1013.6990099009903
2026-04-28 09:25:00+00,528.705,16.623999999999995,56.24,14.455000000000002,5.185000000000001,1013.6070000000003
2026-04-28 09:30:00+00,378.74699999999996,16.607,59.45,26.206000000000003,4.348,1013.474
2026-04-28 09:35:00+00,500.04799999999994,16.715,57.29,18.284,4.175999999999999,1013.3359999999998
2026-04-28 09:40:00+00,265.589898989899,16.631313131313128,63.25252525252525,38.08181818181818,4.778787878787879,1013.2242424242422
2026-04-28 09:45:00+00,452.75643564356443,16.63069306930693,59,23.956435643564355,6.713861386138614,1013.0722772277223
2026-04-28 09:50:00+00,616.9869999999999,16.665,54.92,10.233000000000002,8.655,1012.9939999999999
2026-04-28 09:55:00+00,388.13899999999995,16.691999999999997,60.15,28.294000000000004,10.130999999999998,1012.8439999999999
2026-04-28 10:00:00+00,499.79799999999994,17.362,57.3,19.552000000000003,11.511999999999999,1012.7839999999998
2026-04-28 10:10:00+00,550.3695121951218,17.396341463414632,56.707317073170735,18.071951219512194,11.350000000000001,1012.4817073170733
2026-04-28 10:15:00+00,317.5939393939395,17.328282828282827,61.717171717171716,34.561616161616165,9.961616161616162,1012.3707070707069
2026-04-28 10:20:00+00,544.6079207920793,17.41782178217822,56.851485148514854,18.181188118811882,8.046534653465347,1012.2247524752473
2026-04-28 10:25:00+00,415.14242424242406,17.39090909090909,59.707070707070706,28.015151515151512,6.096969696969696,1012.1181818181818
2026-04-28 10:30:00+00,447.566,17.44,58.86,25.127000000000006,4.672,1011.9749999999999
2026-04-28 10:35:00+00,557.019,17.41,56.55,17.470000000000002,4.120000000000001,1011.8330000000001
2026-04-28 10:40:00+00,609.255,17.380999999999993,56.01,15.776,4.3340000000000005,1011.7639999999999
2026-04-28 10:45:00+00,564.828,17.381999999999998,56.96,18.863000000000007,5.535,1011.6690000000001
2026-04-28 10:50:00+00,564.9767676767676,17.404040404040398,57.111111111111114,19.147474747474746,7.448484848484849,1011.5676767676769
2026-04-28 10:55:00+00,147.4851851851852,17.4537037037037,66.46296296296296,50.45185185185184,8.7,1011.512962962963
2026-04-28 11:05:00+00,237.57142857142853,17.628571428571426,64.14285714285714,42.35714285714285,12.6,1011.1857142857142
2026-04-28 11:10:00+00,602.588,17.809,56.2,17.259999999999994,11.751999999999999,1011.095
2026-04-28 11:15:00+00,578.0656565656568,17.88787878787879,56.96969696969697,19.651515151515152,10.779797979797978,1011.0676767676771
2026-04-28 11:20:00+00,701.2130434782608,17.858695652173907,54.21739130434783,10.630434782608699,8.36304347826087,1010.9499999999999
2026-04-28 11:25:00+00,612.1939393939393,17.782828282828284,56.303030303030305,17.29090909090909,7.090909090909091,1010.8010101010101
2026-04-28 11:30:00+00,486.3159999999999,17.86,58.79,25.717,5.438,1010.7140000000003
2026-04-28 11:35:00+00,243.59999999999994,17.821782178217827,64.37623762376238,44.411881188118805,4.527722772277227,1010.6980198019801
2026-04-28 11:40:00+00,195.98300000000006,17.831,65.52,47.71000000000001,4.187,1010.5880000000002
2026-04-28 11:45:00+00,280.582,17.849999999999994,63.17,39.851,4.824,1010.4960000000001
2026-04-28 11:50:00+00,342.73599999999993,17.866,61.77,35.251,6.1979999999999995,1010.4549999999998
2026-04-28 11:55:00+00,716.4632653061224,17.779591836734696,54.816326530612244,11.139795918367344,8.285714285714286,1010.3704081632652
2026-04-28 12:00:00+00,375.3010309278352,17.982474226804122,61.11340206185567,34.04536082474226,10.202061855670104,1010.3134020618559
2026-04-28 12:05:00+00,489.53877551020395,17.973469387755102,59.09183673469388,26.45102040816326,11.429591836734692,1010.3010204081633
2026-04-28 12:10:00+00,532.4520000000001,18.1,57.99,23.146000000000004,12.091000000000001,1010.253
2026-04-28 12:15:00+00,571.638,18.058000000000003,57.36,21.021000000000004,11.609999999999996,1010.198
2026-04-28 12:20:00+00,485.9570000000001,18.026000000000003,59.3,27.468000000000007,10.258000000000003,1010.1470000000002
2026-04-28 12:25:00+00,672.841414141414,17.913131313131313,55.313131313131315,14.438383838383839,8.385858585858585,1010.1030303030301
2026-04-28 12:30:00+00,512.2336633663367,18.038613861386136,58.62376237623762,25.104950495049504,6.4019801980198014,1010.087128712871
2026-04-28 12:35:00+00,554.0889999999999,18.022,57.49,21.307,5.028999999999999,1010.046
2026-04-28 12:40:00+00,404.165,18.005999999999997,61.18,33.484,3.69,1010.052
2026-04-28 12:45:00+00,584.8550000000001,17.993000000000006,57.6,21.168000000000003,4.282000000000001,1010.012
2026-04-28 12:50:00+00,350.184,17.963,62.27,38.071,5.422,1009.9449999999998
2026-04-28 12:55:00+00,516.2590000000001,18.041,58.35,24.01299999999999,7.2780000000000005,1009.9749999999997
2026-04-28 13:00:00+00,583.7237623762376,17.896039603960396,57.445544554455445,21.217821782178216,9.037623762376237,1009.9960396039603
2026-04-28 13:05:00+00,546.6828282828284,17.85555555555555,58.07070707070707,23.54242424242425,10.795959595959598,1009.959595959596
2026-04-28 13:10:00+00,412.29699999999997,17.839000000000006,61.02,32.931999999999995,11.926000000000002,1010.0420000000001
2026-04-28 13:15:00+00,301.7712871287128,17.877227722772272,63.75247524752475,42.167326732673274,11.830693069306932,1010.061386138614
2026-04-28 13:20:00+00,682.1373737373738,17.85252525252525,55.35353535353536,14.129292929292928,10.924242424242424,1010.1212121212121
2026-04-28 13:25:00+00,443.7570000000001,17.792,60.34,31.382999999999978,9.243,1010.0999999999997
2026-04-28 13:30:00+00,354.652,17.787000000000003,62.22,36.80099999999999,7.350999999999999,1010.1400000000001
2026-04-28 13:35:00+00,660.193,17.817999999999998,55.59,15.091000000000001,5.7170000000000005,1010.1360000000002
2026-04-28 13:40:00+00,660.9434343434343,17.81414141414141,55.676767676767675,15.118181818181812,4.7555555555555555,1010.2090909090911
2026-04-28 13:45:00+00,563.2336633663367,17.868316831683163,57.53465346534654,21.144554455445544,3.9534653465346534,1010.1881188118809
2026-04-28 13:50:00+00,363.0899999999999,17.836,61.82,35.443000000000005,4.585,1010.2810000000001
2026-04-28 13:55:00+00,448.92600000000004,17.847,59.65,29.102999999999998,6.077999999999999,1010.3520000000001
2026-04-28 14:00:00+00,629.6333333333333,17.349494949494954,56.61616161616162,17.248484848484853,7.9343434343434325,1010.4323232323231
2026-04-28 14:05:00+00,627.0148514851485,17.40792079207921,56.54455445544554,17.036633663366338,10.060396039603962,1010.4257425742575
2026-04-28 14:10:00+00,403.8729999999999,17.425,61.98,35.08000000000001,11.216000000000001,1010.536
2026-04-28 14:15:00+00,387.642,17.416,61.66,34.75899999999999,11.943999999999999,1010.6280000000002
2026-04-28 14:20:00+00,403.490099009901,17.40792079207921,61.584158415841586,33.3950495049505,11.589108910891088,1010.6722772277227
2026-04-28 14:25:00+00,602.4373737373737,17.33939393939394,56.55555555555556,17.39090909090909,10.177777777777777,1010.7999999999998
2026-04-28 14:30:00+00,375.9970000000001,17.374,61.58,34.46,8.921999999999999,1010.821
2026-04-28 14:35:00+00,314.76237623762376,17.418811881188116,63.227722772277225,39.24158415841584,6.628712871287128,1010.9643564356436
2026-04-28 14:40:00+00,371.57777777777784,17.362626262626268,61.76767676767677,35.05555555555555,5.130303030303031,1011.0373737373735
2026-04-28 14:45:00+00,576.1339999999998,17.372,56.72,17.557,4.226,1011.1189999999998
2026-04-28 14:50:00+00,377.01782178217826,17.428712871287125,61.28712871287129,33.1,4.123762376237623,1011.2475247524752
2026-04-28 14:55:00+00,353.9163265306122,17.4265306122449,61.42857142857143,34.16836734693877,5.113265306122449,1011.3346938775512
2026-04-28 15:00:00+00,311.9049504950495,16.7,63.65686274509804,39.73168316831683,6.898019801980197,1011.4930693069309
2026-04-28 15:05:00+00,504.62300000000005,16.613131313131312,58.60606060606061,23.043000000000003,8.91,1011.565
2026-04-28 15:10:00+00,340.43999999999994,16.655,62.82,36.321999999999996,10.778000000000002,1011.6489999999999
2026-04-28 15:15:00+00,513.4871287128713,16.68316831683168,58.2970297029703,21.54059405940594,11.756435643564357,1011.7564356435643
2026-04-28 15:20:00+00,504.06060606060606,16.71111111111111,58.24242424242424,21.589898989898987,12.128282828282826,1011.8898989898989
2026-04-28 15:25:00+00,498.9663366336633,16.620792079207924,58.34653465346535,21.07227722772277,11.077227722772278,1012.0435643564356
2026-04-28 15:30:00+00,337.53535353535347,16.651515151515152,62.16161616161616,35.55353535353535,9.886868686868686,1012.151515151515
2026-04-28 15:35:00+00,477.48699999999997,16.590999999999998,58.28,21.739,7.474000000000001,1012.2629999999999
2026-04-28 15:40:00+00,354.5719999999999,16.576,62.4,34.18000000000001,5.793000000000001,1012.2920000000001
2026-04-28 15:45:00+00,321.06300000000005,16.661999999999992,62.13,34.644,4.2669999999999995,1012.497
2026-04-28 15:50:00+00,407.75,16.579,59.46,26.018,4.149,1012.658
2026-04-28 15:55:00+00,295.93100000000004,16.635,63.12,38.193000000000005,4.430999999999999,1012.7480000000002
2026-04-28 16:00:00+00,181.47199999999998,15.733000000000002,68.47,53.724,5.717000000000002,1012.836
2026-04-28 16:05:00+00,363.198,15.626999999999999,61.32,30.638999999999996,7.84,1012.985
2026-04-28 16:10:00+00,308.369,15.619000000000002,62.84,35.785999999999994,9.582,1013.1309999999999
2026-04-28 16:15:00+00,302.56875,15.6171875,63.03125,36.428125,11.062500000000002,1013.1859375
